Human Prompt,Cypher Query
"Show me the methods for the 'UserService' class.","MATCH (c:Class {name: 'UserService'})-[:HAS_METHOD]->(m:Method) RETURN m.name, m.signature;"
"What are the fields in 'PaymentRequest'?","MATCH (c:Class {name: 'PaymentRequest'})-[:HAS_FIELD]->(f:Field) RETURN f.name;"
"I need to see the methods I must implement for the 'DataExporter' interface.","MATCH (i:Interface {name: 'DataExporter'})-[:HAS_METHOD]->(m:Method) RETURN m.signature;"
"Which methods call the 'calculateTotal' function?","MATCH (source:Method)-[:CALLS]->(target:Method {name: 'calculateTotal'}) RETURN source.name, source.signature;"
"Find all classes within the 'com.example.utils' package.","MATCH (p:Package {name: 'com.example.utils'})-[:CONTAINS]->(c:Class) RETURN c.name;"
"What does the 'processPayment' method call?","MATCH (source:Method {name: 'processPayment'})-[:CALLS]->(target:Method) RETURN target.name, target.signature;"
"Get me the file path for the 'User' class.","MATCH (c:Class {name: 'User'}) RETURN c.file_path;"
"List all interfaces implemented by 'UserDetailsServiceImpl'.","MATCH (c:Class {name: 'UserDetailsServiceImpl'})-[:IMPLEMENTS_INTERFACE]->(i:Interface) RETURN i.name;"
"How many methods are in the 'ProductController' class?","MATCH (c:Class {name: 'ProductController'})-[:HAS_METHOD]->(m:Method) RETURN count(m);"
"Find all methods that have more than 5 parameters.","MATCH (m:Method)-[:HAS_PARAMETER]->(p) WITH m, count(p) AS paramCount WHERE paramCount > 5 RETURN m.name, m.signature, paramCount;"
"Show me all the 'public static' methods in 'StringUtils'.","MATCH (c:Class {name: 'StringUtils'})-[:HAS_METHOD]->(m:Method) WHERE m.signature CONTAINS 'public static' RETURN m.signature;"
"Which classes are in the file 'GlobalExceptionHandler.java'?","MATCH (f:File {path: 'GlobalExceptionHandler.java'})-[:CONTAINS_TYPE]->(c:Class) RETURN c.name;"
"Get the code for the 'authenticateUser' method.","MATCH (m:Method {name: 'authenticateUser'}) RETURN m.code;"
"What are the properties of the 'User' class?","MATCH (n:Class {name: 'User'}) RETURN properties(n);"
"Find any methods that have no incoming calls (unused methods).","MATCH (m:Method) WHERE NOT ()-[:CALLS]->(m) RETURN m.name, m.signature;"
"List all classes that extend 'BaseRepository'.","MATCH (c:Class {extension: 'BaseRepository'}) RETURN c.name;"
"What is the package for the 'Order' class?","MATCH (c:Class {name: 'Order'}) RETURN c.package;"
"Show me all methods created since yesterday.","MATCH (m:Method) WHERE date(m.createdAt) >= date() - duration('P1D') RETURN m.name, m.createdAt;"
"Which methods in 'OrderService' call methods in 'PaymentService'?","MATCH (os:Class {name: 'OrderService'})-[:HAS_METHOD]->(m1:Method)-[:CALLS]->(m2:Method)<-[:HAS_METHOD]-(ps:Class {name: 'PaymentService'}) RETURN m1.signature, m2.signature;"
"Find the class with the most methods.","MATCH (c:Class)-[:HAS_METHOD]->(m:Method) WITH c, count(m) as methodCount RETURN c.name, methodCount ORDER BY methodCount DESC LIMIT 1;"
"What fields does the 'Address' class contain?","MATCH (c:Class {name: 'Address'})-[:HAS_FIELD]->(f:Field) RETURN f.name;"
"List every method that 'NotificationService' calls.","MATCH (:Class {name: 'NotificationService'})-[:HAS_METHOD]->(source:Method)-[:CALLS]->(target:Method) RETURN DISTINCT target.name, target.signature;"
"Who calls 'getUserById'? I'm doing impact analysis.","MATCH (caller:Method)-[:CALLS]->(:Method {name: 'getUserById'}) RETURN caller.signature;"
"Find all classes in the 'com.company.api' package.","MATCH (p:Package {name: 'com.company.api'})-[:CONTAINS]->(t) WHERE t:Class RETURN t.name;"
"Get the signature of the 'save' method in 'UserRepository'.","MATCH (:Class {name: 'UserRepository'})-[:HAS_METHOD]->(m:Method {name: 'save'}) RETURN m.signature;"
"What are the parameters for the 'updateProfile' method?","MATCH (:Method {name: 'updateProfile'})-[:HAS_PARAMETER]->(p:Class) RETURN p.name;"
"Show me all enums in the project.","MATCH (e:Enum) RETURN e.name;"
"Which file contains the 'Logger' interface?","MATCH (f:File)-[:CONTAINS_TYPE]->(i:Interface {name: 'Logger'}) RETURN f.path;"
"List all methods that return a 'UserDTO'.","MATCH (m:Method) WHERE m.signature ENDS WITH 'UserDTO' RETURN m.name, m.signature;"
"Find classes that import 'java.util.List'.","MATCH (c:Class)-[:IMPORTS]->(imported:Class) WHERE imported.name = 'java.util.List' RETURN c.name;"
"How many distinct packages are there?","MATCH (p:Package) RETURN count(p);"
"Show me the methods of 'InvoiceGenerator'.","MATCH (c:Class {name: 'InvoiceGenerator'})-[:HAS_METHOD]->(m) RETURN m.signature;"
"What other methods call 'validateToken'?","MATCH (caller:Method)-[:CALLS]->(callee:Method {name: 'validateToken'}) RETURN caller.name;"
"What are the fields for the 'Product' class?","MATCH (:Class {name: 'Product'})-[:HAS_FIELD]->(f:Field) RETURN f.name;"
"List classes in the main application package.","MATCH (p:Package {name: 'com.myapp'})-[:CONTAINS]->(c:Class) RETURN c.name;"
"Get the code for the 'connectDatabase' method.","MATCH (m:Method {signature: 'connectDatabase()'}) RETURN m.code;"
"Which classes implement 'Runnable'?","MATCH (c:Class)-[:IMPLEMENTS_INTERFACE]->(:Interface {name: 'Runnable'}) RETURN c.name;"
"Find all methods in the 'security' package.","MATCH (p:Package {name: 'com.myapp.security'})-[:CONTAINS]->(:Class)-[:HAS_METHOD]->(m) RETURN m.name, m.signature;"
"Count the number of methods that call 'logError'.","MATCH (m:Method)-[:CALLS]->(:Method {name: 'logError'}) RETURN count(m);"
"Show me the path for the 'Configuration' interface.","MATCH (i:Interface {name: 'Configuration'}) RETURN i.file_path;"
"List all methods that take a 'String' as the first parameter.","MATCH (m:Method) WHERE m.signature CONTAINS '(String' RETURN m.signature;"
"Find the class with the name 'Customer'.","MATCH (c:Class {name: 'Customer'}) RETURN c.name, c.package;"
"What does 'initializeCache' call?","MATCH (:Method {name: 'initializeCache'})-[:CALLS]->(callee) RETURN callee.name;"
"Who calls 'sendEmail'?","MATCH (caller)-[:CALLS]->(:Method {name: 'sendEmail'}) RETURN caller.name, caller.signature;"
"Get all fields of the 'ShoppingCart' class.","MATCH (c:Class {name: 'ShoppingCart'})-[:HAS_FIELD]->(f:Field) RETURN f.name;"
"What interfaces are defined in 'com.myapp.common' package?","MATCH (p:Package {name: 'com.myapp.common'})-[:CONTAINS]->(i:Interface) RETURN i.name;"
"Show me the signature of 'findById' in 'CrudRepository'.","MATCH (:Interface {name: 'CrudRepository'})-[:HAS_METHOD]->(m:Method {name: 'findById'}) RETURN m.signature;"
"List methods that have a 'void' return type.","MATCH (m:Method) WHERE m.signature STARTS WITH 'public void' OR m.signature STARTS WITH 'private void' RETURN m.signature;"
"Which classes have no fields?","MATCH (c:Class) WHERE NOT (c)-[:HAS_FIELD]->() RETURN c.name;"
"Find all methods whose name contains 'test'.","MATCH (m:Method) WHERE m.name CONTAINS 'test' RETURN m.name, m.signature;"
"Get the file path for the 'Main' class.","MATCH (c:Class {name: 'Main'}) RETURN c.file_path;"
"What does the constructor for 'ReportBuilder' call?","MATCH (:Method {name: 'ReportBuilder'})-[:CALLS]->(m:Method) RETURN m.name, m.signature;"
"Which methods are called by 'generateReport'?","MATCH (:Method {name: 'generateReport'})-[:CALLS]->(m:Method) RETURN m.name, m.signature;"
"Find all methods in 'ReportService'.","MATCH (:Class {name: 'ReportService'})-[:HAS_METHOD]->(m) RETURN m.name;"
"Who calls 'getInstance'?","MATCH (c:Method)-[:CALLS]->(:Method {name: 'getInstance'}) RETURN c.signature;"
"List the fields for 'LineItem' class.","MATCH (c:Class {name: 'LineItem'})-[:HAS_FIELD]->(f) RETURN f.name;"
"Find all interfaces in the project.","MATCH (i:Interface) RETURN i.name;"
"Get the code for 'parseRequest' method.","MATCH (m:Method {name: 'parseRequest'}) RETURN m.code;"
"Which classes in 'com.myapp.model' have more than 10 fields?","MATCH (p:Package {name: 'com.myapp.model'})-[:CONTAINS]->(c:Class)-[:HAS_FIELD]->(f) WITH c, count(f) as fieldCount WHERE fieldCount > 10 RETURN c.name, fieldCount;"
"Show me all methods that are synchronized.","MATCH (m:Method) WHERE m.signature CONTAINS 'synchronized' RETURN m.signature;"
"What is the parent class of 'SecureUserService'?","MATCH (c:Class {name: 'SecureUserService'}) RETURN c.extension;"
"Find method calls between 'Service' layer and 'Repository' layer.","MATCH (s:Class)-[:HAS_METHOD]->(sm:Method)-[:CALLS]->(rm:Method)<-[:HAS_METHOD]-(r:Class) WHERE s.name ENDS WITH 'Service' AND r.name ENDS WITH 'Repository' RETURN s.name, sm.name, r.name, rm.name;"
"List all methods in the 'JwtProvider' class.","MATCH (:Class {name: 'JwtProvider'})-[:HAS_METHOD]->(m) RETURN m.signature;"
"Which other methods call the 'build' method of 'JwtBuilder'?","MATCH (caller:Method)-[:CALLS]->(callee:Method {name: 'build'})<-[:HAS_METHOD]-(:Class {name: 'JwtBuilder'}) RETURN caller.signature;"
"What are the fields in the 'UserCredentials' class?","MATCH (:Class {name: 'UserCredentials'})-[:HAS_FIELD]->(f) RETURN f.name;"
"Find all classes in the 'com.myapp.web' package.","MATCH (:Package {name: 'com.myapp.web'})-[:CONTAINS]->(c:Class) RETURN c.name;"
"Get the method signature for 'handle' in 'GlobalExceptionHandler'.","MATCH (:Class {name:t: 'GlobalExceptionHandler'})-[:HAS_METHOD]->(m:Method {name: 'handle'}) RETURN m.signature;"
"What methods does 'AuthenticationManager' call?","MATCH (:Class {name: 'AuthenticationManager'})-[:HAS_METHOD]->(m)-[:CALLS]->(callee) RETURN DISTINCT callee.name, callee.signature;"
"Which classes implement the 'AuthenticationProvider' interface?","MATCH (c:Class)-[:IMPLEMENTS_INTERFACE]->(:Interface {name: 'AuthenticationProvider'}) RETURN c.name;"
"Find all methods that return a 'boolean'.","MATCH (m:Method) WHERE m.signature ENDS WITH 'boolean' or m.signature CONTAINS ' boolean ' RETURN m.signature;"
"How many files are in the project?","MATCH (f:File) RETURN count(f);"
"Show me all the methods in the 'ScheduledTasks' class.","MATCH (c:Class {name: 'ScheduledTasks'})-[:HAS_METHOD]->(m) RETURN m.signature;"
"Who calls the 'run' method in 'ScheduledTasks'?","MATCH (caller:Method)-[:CALLS]->(callee:Method {name: 'run'})<-[:HAS_METHOD]-(:Class {name: 'ScheduledTasks'}) RETURN caller.signature;"
"List all fields in the 'TaskConfig' class.","MATCH (c:Class {name: 'TaskConfig'})-[:HAS_FIELD]->(f) RETURN f.name;"
"Find all classes in the 'config' package.","MATCH (p:Package {name: 'config'})-[:CONTAINS]->(c:Class) RETURN c.name;"
"Get the code for the 'configure' method.","MATCH (m:Method {name: 'configure'}) RETURN m.code;"
"Which classes import 'org.springframework.stereotype.Component'?","MATCH (c:Class)-[:IMPORTS]->(i:Class {name: 'org.springframework.stereotype.Component'}) RETURN c.name;"
"Find all methods with no parameters.","MATCH (m:Method) WHERE m.signature ENDS WITH '()' RETURN m.name;"
"Count methods per package.","MATCH (p:Package)-[:CONTAINS]->(:Class)-[:HAS_METHOD]->(m) RETURN p.name, count(m) as methodCount ORDER BY methodCount DESC;"
"Show me the path of the 'Application' enum.","MATCH (e:Enum {name: 'Application'}) RETURN e.file_path;"
"List all methods that are 'private'.","MATCH (m:Method) WHERE m.signature STARTS WITH 'private' RETURN m.signature;"
"Find the class with the name 'OrderRepository'.","MATCH (c:Class {name: 'OrderRepository'}) RETURN c.name, c.package;"
"What does 'saveOrder' call?","MATCH (m:Method {name: 'saveOrder'})-[:CALLS]->(callee) RETURN callee.name;"
"Who calls 'deleteOrder'?","MATCH (caller:Method)-[:CALLS]->(m:Method {name: 'deleteOrder'}) RETURN caller.name;"
"Get all fields for the 'CustomerDetails' class.","MATCH (c:Class {name: 'CustomerDetails'})-[:HAS_FIELD]->(f) RETURN f.name;"
"What interfaces are in the 'repository' package?","MATCH (p:Package {name: 'repository'})-[:CONTAINS]->(i:Interface) RETURN i.name;"
"Show the signature of 'findAll' in 'PagingAndSortingRepository'.","MATCH (i:Interface {name: 'PagingAndSortingRepository'})-[:HAS_METHOD]->(m:Method {name: 'findAll'}) RETURN m.signature;"
"Which classes have no methods?","MATCH (c:Class) WHERE NOT (c)-[:HAS_METHOD]->() RETURN c.name;"
"Find all methods whose name ends with 'DTO'.","MATCH (m:Method) WHERE m.name ENDS WITH 'DTO' RETURN m.name;"
"Get the file path for the 'DtoMapper' class.","MATCH (c:Class {name: 'DtoMapper'}) RETURN c.file_path;"
"What does the 'mapToDto' method call?","MATCH (m:Method {name: 'mapToDto'})-[:CALLS]->(callee) RETURN callee.name;"
"Which methods are called by 'mapToEntity'?","MATCH (m:Method {name: 'mapToEntity'})-[:CALLS]->(callee) RETURN callee.name;"
"Find all methods in 'UserMapper'.","MATCH (c:Class {name: 'UserMapper'})-[:HAS_METHOD]->(m) RETURN m.name;"
"Who calls 'toUser'?","MATCH (caller)-[:CALLS]->(m:Method {name: 'toUser'}) RETURN caller.name;"
"List the fields for 'UserProfileDto' class.","MATCH (c:Class {name: 'UserProfileDto'})-[:HAS_FIELD]->(f) RETURN f.name;"
"Find all enums in the 'model' package.","MATCH (p:Package {name: 'model'})-[:CONTAINS]->(e:Enum) RETURN e.name;"
"Get the code for 'valueOf' method in 'Role' enum.","MATCH (e:Enum {name: 'Role'})-[:HAS_METHOD]->(m:Method {name: 'valueOf'}) RETURN m.code;"
"Which classes in 'com.myapp.dto' have a field named 'id'?","MATCH (p:Package {name: 'com.myapp.dto'})-[:CONTAINS]->(c:Class)-[:HAS_FIELD]->(f:Field {name: 'id'}) RETURN c.name;"
"Show me all methods that are 'protected'.","MATCH (m:Method) WHERE m.signature CONTAINS 'protected' RETURN m.signature;"
"What is the parent class of 'CustomAuthenticationProvider'?","MATCH (c:Class {name: 'CustomAuthenticationProvider'}) RETURN c.extension;"
"Find method calls from any 'Controller' to any 'Service'.","MATCH (c:Class)-[:HAS_METHOD]->(cm:Method)-[:CALLS]->(sm:Method)<-[:HAS_METHOD]-(s:Class) WHERE c.name ENDS WITH 'Controller' AND s.name ENDS WITH 'Service' RETURN c.name, sm.name, s.name;"
"List all methods in the 'FileStorageService' class.","MATCH (c:Class {name: 'FileStorageService'})-[:HAS_METHOD]->(m) RETURN m.signature;"
"Which other methods call the 'storeFile' method?","MATCH (caller:Method)-[:CALLS]->(:Method {name: 'storeFile'}) RETURN caller.signature;"
"What are the fields in the 'FileDB' class?","MATCH (c:Class {name: 'FileDB'})-[:HAS_FIELD]->(f) RETURN f.name;"
"Find all classes in the 'com.myapp.service.storage' package.","MATCH (p:Package {name: 'com.myapp.service.storage'})-[:CONTAINS]->(c:Class) RETURN c.name;"
"Get the method signature for 'loadFile' in 'FileStorageService'.","MATCH (c:Class {name: 'FileStorageService'})-[:HAS_METHOD]->(m:Method {name: 'loadFile'}) RETURN m.signature;"
"What methods does 'deleteFile' call?","MATCH (m:Method {name: 'deleteFile'})-[:CALLS]->(callee) RETURN callee.name, callee.signature;"
"Which classes implement the 'StorageService' interface?","MATCH (c:Class)-[:IMPLEMENTS_INTERFACE]->(i:Interface {name: 'StorageService'}) RETURN c.name;"
"Find all methods that return a 'ResponseEntity'.","MATCH (m:Method) WHERE m.signature ENDS WITH 'ResponseEntity' RETURN m.signature;"
"How many classes are in the 'controller' package?","MATCH (p:Package {name: 'controller'})-[:CONTAINS]->(c:Class) RETURN count(c);"
"Show me all the methods in the 'MessageController' class.","MATCH (c:Class {name: 'MessageController'})-[:HAS_METHOD]->(m) RETURN m.signature;"
"Who calls the 'sendMessage' method?","MATCH (caller:Method)-[:CALLS]->(:Method {name: 'sendMessage'}) RETURN caller.signature;"
"List all fields in the 'Message' class.","MATCH (c:Class {name: 'Message'})-[:HAS_FIELD]->(f) RETURN f.name;"
"Find all classes in the 'com.myapp.messaging' package.","MATCH (p:Package {name: 'com.myapp.messaging'})-[:CONTAINS]->(c:Class) RETURN c.name;"
"Get the code for the 'receiveMessage' method.","MATCH (m:Method {name: 'receiveMessage'}) RETURN m.code;"
"Which classes import 'java.time.LocalDateTime'?","MATCH (c:Class)-[:IMPORTS]->(i:Class {name: 'java.time.LocalDateTime'}) RETURN c.name;"
"Find all methods that have a 'final' keyword in their signature.","MATCH (m:Method) WHERE m.signature CONTAINS 'final' RETURN m.name, m.signature;"
"Count method calls for each method.","MATCH (caller:Method)-[r:CALLS]->(callee:Method) RETURN callee.name, count(r) as timesCalled ORDER BY timesCalled DESC LIMIT 20;"
"Show me the path of the 'Constants' class.","MATCH (c:Class {name: 'Constants'}) RETURN c.file_path;"
"List all methods that are both 'public' and 'static'.","MATCH (m:Method) WHERE m.signature STARTS WITH 'public static' RETURN m.signature;"
"Find the class with the name 'EmailValidator'.","MATCH (c:Class {name: 'EmailValidator'}) RETURN c.name, c.package;"
"What does 'isValid' method call?","MATCH (m:Method {name: 'isValid'})-[:CALLS]->(callee) RETURN callee.name;"
"Who calls 'validateEmail'?","MATCH (caller:Method)-[:CALLS]->(:Method {name: 'validateEmail'}) RETURN caller.name;"
"Get all fields for the 'ValidationResult' class.","MATCH (c:Class {name: 'ValidationResult'})-[:HAS_FIELD]->(f) RETURN f.name;"
"What interfaces are in the 'validator' package?","MATCH (p:Package {name: 'validator'})-[:CONTAINS]->(i:Interface) RETURN i.name;"
"Show the signature of 'validate' in 'Validator' interface.","MATCH (i:Interface {name: 'Validator'})-[:HAS_METHOD]->(m:Method {name: 'validate'}) RETURN m.signature;"
"Which classes have no superclass (no extension)?","MATCH (c:Class) WHERE c.extension IS NULL RETURN c.name;"
"Find all methods whose name contains 'init'.","MATCH (m:Method) WHERE m.name CONTAINS 'init' RETURN m.name, m.signature;"
"Get the file path for the 'WebConfig' class.","MATCH (c:Class {name: 'WebConfig'}) RETURN c.file_path;"
"What does the 'addCorsMappings' method call?","MATCH (m:Method {name: 'addCorsMappings'})-[:CALLS]->(callee) RETURN callee.name;"
"Which methods are called by 'configureMessageConverters'?","MATCH (m:Method {name: 'configureMessageConverters'})-[:CALLS]->(callee) RETURN callee.name;"
"Find all methods in 'SecurityConfig'.","MATCH (c:Class {name: 'SecurityConfig'})-[:HAS_METHOD]->(m) RETURN m.name;"
"Who calls 'passwordEncoder'?","MATCH (caller)-[:CALLS]->(m:Method {name: 'passwordEncoder'}) RETURN caller.name;"
"List the fields for 'JwtRequest' class.","MATCH (c:Class {name: 'JwtRequest'})-[:HAS_FIELD]->(f) RETURN f.name;"
"Find all interfaces in the 'security.jwt' package.","MATCH (p:Package {name: 'security.jwt'})-[:CONTAINS]->(i:Interface) RETURN i.name;"
"Get the code for 'generateToken' method.","MATCH (m:Method {name: 'generateToken'}) RETURN m.code;"
"Which classes in 'com.myapp.config' implement an interface?","MATCH (p:Package {name: 'com.myapp.config'})-[:CONTAINS]->(c:Class)-[:IMPLEMENTS_INTERFACE]->(i) RETURN DISTINCT c.name, i.name;"
"Show me all methods that return 'void'.","MATCH (m:Method) WHERE m.signature CONTAINS ' void ' RETURN m.signature;"
"What is the parent class of 'JwtAuthenticationEntryPoint'?","MATCH (c:Class {name: 'JwtAuthenticationEntryPoint'}) RETURN c.extension;"
"Find method calls from any 'Util' class to any other class.","MATCH (u:Class)-[:HAS_METHOD]->(um:Method)-[:CALLS]->(om:Method)<-[:HAS_METHOD]-(oc:Class) WHERE u.name ENDS WITH 'Util' AND u <> oc RETURN um.name, oc.name, om.name;"
"List all methods in the 'DateUtils' class.","MATCH (c:Class {name: 'DateUtils'})-[:HAS_METHOD]->(m) RETURN m.signature;"
"Which other methods call the 'formatDate' method?","MATCH (caller:Method)-[:CALLS]->(:Method {name: 'formatDate'}) RETURN caller.signature;"
"What are the fields in the 'CustomException' class?","MATCH (c:Class {name: 'CustomException'})-[:HAS_FIELD]->(f) RETURN f.name;"
"Find all classes in the 'com.myapp.exception' package.","MATCH (p:Package {name: 'com.myapp.exception'})-[:CONTAINS]->(c:Class) RETURN c.name;"
"Get the method signature for 'getMessage' in 'CustomException'.","MATCH (c:Class {name: 'CustomException'})-[:HAS_METHOD]->(m:Method {name: 'getMessage'}) RETURN m.signature;"
"What methods does the 'handleException' method call?","MATCH (m:Method {name: 'handleException'})-[:CALLS]->(callee) RETURN callee.name, callee.signature;"
"Which classes implement the 'ExceptionListener' interface?","MATCH (c:Class)-[:IMPLEMENTS_INTERFACE]->(i:Interface {name: 'ExceptionListener'}) RETURN c.name;"
"Find all methods that return a 'List'.","MATCH (m:Method) WHERE m.signature CONTAINS 'List<' RETURN m.signature;"
"How many interfaces are in the project?","MATCH (i:Interface) RETURN count(i);"
"Show me all the methods in the 'CsvParser' class.","MATCH (c:Class {name: 'CsvParser'})-[:HAS_METHOD]->(m) RETURN m.signature;"
"Who calls the 'parse' method in 'CsvParser'?","MATCH (caller:Method)-[:CALLS]->(callee:Method {name: 'parse'})<-[:HAS_METHOD]-(:Class {name: 'CsvParser'}) RETURN caller.signature;"
"List all fields in the 'CsvRecord' class.","MATCH (c:Class {name: 'CsvRecord'})-[:HAS_FIELD]->(f) RETURN f.name;"
"Find all classes in the 'com.myapp.parser' package.","MATCH (p:Package {name: 'com.myapp.parser'})-[:CONTAINS]->(c:Class) RETURN c.name;"
"Get the code for the 'buildRecord' method.","MATCH (m:Method {name: 'buildRecord'}) RETURN m.code;"
"Which classes import 'java.io.File'?","MATCH (c:Class)-[:IMPORTS]->(i:Class {name: 'java.io.File'}) RETURN c.name;"
"Find all methods that have a 'throws' clause in their signature.","MATCH (m:Method) WHERE m.signature CONTAINS 'throws' RETURN m.name, m.signature;"
"Find the most commonly called method.","MATCH ()-[r:CALLS]->(m:Method) RETURN m.name, m.signature, count(r) AS callCount ORDER BY callCount DESC LIMIT 1;"
"Show me the path of the 'pom.xml' file if it exists.","MATCH (f:File {path: 'pom.xml'}) RETURN f.path;"
"List all methods that are not 'public', 'private', or 'protected'.","MATCH (m:Method) WHERE NOT (m.signature STARTS WITH 'public' OR m.signature STARTS WITH 'private' OR m.signature STARTS WITH 'protected') RETURN m.signature;"
"Find the class with the name 'XmlParser'.","MATCH (c:Class {name: 'XmlParser'}) RETURN c.name, c.package;"
"What does the 'parseXml' method call?","MATCH (m:Method {name: 'parseXml'})-[:CALLS]->(callee) RETURN callee.name;"
"Who calls 'getDocument'?","MATCH (caller:Method)-[:CALLS]->(m:Method {name: 'getDocument'}) RETURN caller.name;"
"Get all fields for the 'XmlNode' class.","MATCH (c:Class {name: 'XmlNode'})-[:HAS_FIELD]->(f) RETURN f.name;"
"What interfaces are in the 'parser.xml' package?","MATCH (p:Package {name: 'parser.xml'})-[:CONTAINS]->(i:Interface) RETURN i.name;"
"Show the signature of 'getElement' in 'XmlDocument' interface.","MATCH (i:Interface {name: 'XmlDocument'})-[:HAS_METHOD]->(m:Method {name: 'getElement'}) RETURN m.signature;"
"Which classes are declared as 'final'?","MATCH (c:Class) WHERE c.signature CONTAINS 'final class' RETURN c.name;"
"Find all methods whose name starts with 'get'.","MATCH (m:Method) WHERE m.name STARTS WITH 'get' RETURN m.name;"
"Get the file path for the 'JsonUtil' class.","MATCH (c:Class {name: 'JsonUtil'}) RETURN c.file_path;"
"What does the 'toJson' method call?","MATCH (m:Method {name: 'toJson'})-[:CALLS]->(callee) RETURN callee.name;"
"Which methods are called by 'fromJson'?","MATCH (m:Method {name: 'fromJson'})-[:CALLS]->(callee) RETURN callee.name;"
"Find all methods in 'ObjectMapper'.","MATCH (c:Class {name: 'ObjectMapper'})-[:HAS_METHOD]->(m) RETURN m.name;"
"Who calls 'writeValueAsString'?","MATCH (caller)-[:CALLS]->(m:Method {name: 'writeValueAsString'}) RETURN caller.name;"
"List the fields for 'JsonRequest' class.","MATCH (c:Class {name: 'JsonRequest'})-[:HAS_FIELD]->(f) RETURN f.name;"
"Find all interfaces in the 'json.mapper' package.","MATCH (p:Package {name: 'json.mapper'})-[:CONTAINS]->(i:Interface) RETURN i.name;"
"Get the code for 'readTree' method.","MATCH (m:Method {name: 'readTree'}) RETURN m.code;"
"Which classes in 'com.myapp.util' have no fields?","MATCH (p:Package {name: 'com.myapp.util'})-[:CONTAINS]->(c:Class) WHERE NOT (c)-[:HAS_FIELD]->() RETURN c.name;"
"Show me all methods that return a 'Map'.","MATCH (m:Method) WHERE m.signature CONTAINS 'Map<' RETURN m.signature;"
"What is the parent class of 'AbstractController'?","MATCH (c:Class {name: 'AbstractController'}) RETURN c.extension;"
"Find circular dependencies between methods.","MATCH (a:Method)-[:CALLS]->(b:Method)-[:CALLS]->(a) RETURN a.name, b.name;"
"List all methods in the 'MathHelper' class.","MATCH (c:Class {name: 'MathHelper'})-[:HAS_METHOD]->(m) RETURN m.signature;"
"Which other methods call the 'add' method in 'MathHelper'?","MATCH (caller:Method)-[:CALLS]->(callee:Method {name: 'add'})<-[:HAS_METHOD]-(:Class {name: 'MathHelper'}) RETURN caller.signature;"
"What are the fields in the 'Vector' class?","MATCH (c:Class {name: 'Vector'})-[:HAS_FIELD]->(f) RETURN f.name;"
"Find all classes in the 'com.myapp.math' package.","MATCH (p:Package {name: 'com.myapp.math'})-[:CONTAINS]->(c:Class) RETURN c.name;"
"Get the method signature for 'dotProduct' in 'MathHelper'.","MATCH (c:Class {name: 'MathHelper'})-[:HAS_METHOD]->(m:Method {name: 'dotProduct'}) RETURN m.signature;"
"What methods does 'subtract' call?","MATCH (m:Method {name: 'subtract'})-[:CALLS]->(callee) RETURN callee.name, callee.signature;"
"Which classes implement the 'Calculator' interface?","MATCH (c:Class)-[:IMPLEMENTS_INTERFACE]->(i:Interface {name: 'Calculator'}) RETURN c.name;"
"Find all methods that return a 'Double'.","MATCH (m:Method) WHERE m.signature CONTAINS ' Double ' RETURN m.signature;"
"How many methods does each class in the 'service' package have?","MATCH (p:Package {name: 'service'})-[:CONTAINS]->(c:Class)-[:HAS_METHOD]->(m) RETURN c.name, count(m) as methodCount;"
"Show me all the methods in the 'AsyncService' class.","MATCH (c:Class {name: 'AsyncService'})-[:HAS_METHOD]->(m) RETURN m.signature;"
"Who calls the 'executeAsync' method?","MATCH (caller:Method)-[:CALLS]->(:Method {name: 'executeAsync'}) RETURN caller.signature;"
"List all fields in the 'FutureResult' class.","MATCH (c:Class {name: 'FutureResult'})-[:HAS_FIELD]->(f) RETURN f.name;"
"Find all classes in the 'com.myapp.concurrent' package.","MATCH (p:Package {name: 'com.myapp.concurrent'})-[:CONTAINS]->(c:Class) RETURN c.name;"
"Get the code for the 'get' method of 'FutureResult'.","MATCH (:Class {name: 'FutureResult'})-[:HAS_METHOD]->(m:Method {name: 'get'}) RETURN m.code;"
"Which classes import 'java.util.concurrent.Executor'?","MATCH (c:Class)-[:IMPORTS]->(i:Class {name: 'java.util.concurrent.Executor'}) RETURN c.name;"
"Find all methods that have an annotation '@Transactional'.","MATCH (m:Method) WHERE m.code CONTAINS '@Transactional' RETURN m.name, m.signature;"
"Find the deepest method call chain.","MATCH p=(m:Method)-[:CALLS*]->(m2:Method) RETURN p, length(p) as depth ORDER BY depth DESC LIMIT 1;"
"Show me the path of the 'build.gradle' file.","MATCH (f:File {path: 'build.gradle'}) RETURN f.path;"
"List all methods that are 'abstract'.","MATCH (m:Method) WHERE m.signature CONTAINS 'abstract' RETURN m.signature;"
"Find the class with the name 'SingletonFactory'.","MATCH (c:Class {name: 'SingletonFactory'}) RETURN c.name, c.package;"
"What does the 'createInstance' method call?","MATCH (m:Method {name: 'createInstance'})-[:CALLS]->(callee) RETURN callee.name;"
"Who calls 'getSingleton'?","MATCH (caller:Method)-[:CALLS]->(m:Method {name: 'getSingleton'}) RETURN caller.name;"
"Get all fields for the 'InstanceCache' class.","MATCH (c:Class {name: 'InstanceCache'})-[:HAS_FIELD]->(f) RETURN f.name;"
"What interfaces are in the 'factory' package?","MATCH (p:Package {name: 'factory'})-[:CONTAINS]->(i:Interface) RETURN i.name;"
"Show the signature of 'create' in 'ObjectFactory' interface.","MATCH (i:Interface {name: 'ObjectFactory'})-[:HAS_METHOD]->(m:Method {name: 'create'}) RETURN m.signature;"
"Which classes are never instantiated directly?","MATCH (c:Class) WHERE NOT ()-[:CALLS]->(m:Method {name: c.name}) RETURN c.name;"
"Find all methods whose name starts with 'is' or 'has'.","MATCH (m:Method) WHERE m.name STARTS WITH 'is' OR m.name STARTS WITH 'has' RETURN m.name;"
"Get the file path for the 'Constants' interface.","MATCH (i:Interface {name: 'Constants'}) RETURN i.file_path;"
"What does the 'getDefault' method call?","MATCH (m:Method {name: 'getDefault'})-[:CALLS]->(callee) RETURN callee.name;"
"Which methods are called by 'loadConfig'?","MATCH (m:Method {name: 'loadConfig'})-[:CALLS]->(callee) RETURN callee.name;"
"Find all methods in 'ConfigLoader'.","MATCH (c:Class {name: 'ConfigLoader'})-[:HAS_METHOD]->(m) RETURN m.name;"
"Who calls 'getProperty'?","MATCH (caller)-[:CALLS]->(m:Method {name: 'getProperty'}) RETURN caller.name;"
"List the fields for 'AppConfig' class.","MATCH (c:Class {name: 'AppConfig'})-[:HAS_FIELD]->(f) RETURN f.name;"
"Find all enums in the 'config' package.","MATCH (p:Package {name: 'config'})-[:CONTAINS]->(e:Enum) RETURN e.name;"
"Get the code for 'toString' method in 'AppConfig'.","MATCH (c:Class {name: 'AppConfig'})-[:HAS_METHOD]->(m:Method {name: 'toString'}) RETURN m.code;"
"Which classes in 'com.myapp.service' are not interfaces?","MATCH (p:Package {name: 'com.myapp.service'})-[:CONTAINS]->(t) WHERE t:Class RETURN t.name;"
"Show me all methods that return 'String'.","MATCH (m:Method) WHERE m.signature ENDS WITH 'String' RETURN m.signature;"
"What is the parent class of 'BaseService'?","MATCH (c:Class {name: 'BaseService'}) RETURN c.extension;"
"Find method calls within the same class.","MATCH (c:Class)-[:HAS_METHOD]->(m1:Method), (c)-[:HAS_METHOD]->(m2:Method) WHERE (m1)-[:CALLS]->(m2) RETURN c.name, m1.name, m2.name;"
"List all methods in the 'StreamProcessor' class.","MATCH (c:Class {name: 'StreamProcessor'})-[:HAS_METHOD]->(m) RETURN m.signature;"
"Which other methods call the 'process' method?","MATCH (caller:Method)-[:CALLS]->(:Method {name: 'process'}) RETURN caller.signature;"
"What are the fields in the 'DataStream' class?","MATCH (c:Class {name: 'DataStream'})-[:HAS_FIELD]->(f) RETURN f.name;"
"Find all classes in the 'com.myapp.stream' package.","MATCH (p:Package {name: 'com.myapp.stream'})-[:CONTAINS]->(c:Class) RETURN c.name;"
"Get the method signature for 'map' in 'StreamProcessor'.","MATCH (c:Class {name: 'StreamProcessor'})-[:HAS_METHOD]->(m:Method {name: 'map'}) RETURN m.signature;"
"What methods does 'filter' call?","MATCH (m:Method {name: 'filter'})-[:CALLS]->(callee) RETURN callee.name, callee.signature;"
"Which classes implement the 'Processor' interface?","MATCH (c:Class)-[:IMPLEMENTS_INTERFACE]->(i:Interface {name: 'Processor'}) RETURN c.name;"
"Find all methods that return a 'Stream'.","MATCH (m:Method) WHERE m.signature CONTAINS 'Stream<' RETURN m.signature;"
"How many public methods are there?","MATCH (m:Method) WHERE m.signature STARTS WITH 'public' RETURN count(m);"
"Show me all the methods in the 'CacheManager' class.","MATCH (c:Class {name: 'CacheManager'})-[:HAS_METHOD]->(m) RETURN m.signature;"
"Who calls the 'getCache' method?","MATCH (caller:Method)-[:CALLS]->(:Method {name: 'getCache'}) RETURN caller.signature;"
"List all fields in the 'Cache' class.","MATCH (c:Class {name: 'Cache'})-[:HAS_FIELD]->(f) RETURN f.name;"
"Find all classes in the 'com.myapp.cache' package.","MATCH (p:Package {name: 'com.myapp.cache'})-[:CONTAINS]->(c:Class) RETURN c.name;"
"Get the code for the 'put' method of 'Cache'.","MATCH (:Class {name: 'Cache'})-[:HAS_METHOD]->(m:Method {name: 'put'}) RETURN m.code;"
"Which classes import 'com.google.common.cache.Cache'?","MATCH (c:Class)-[:IMPORTS]->(i:Class {name: 'com.google.common.cache.Cache'}) RETURN c.name;"
"Find all methods that have 'cache' in their name.","MATCH (m:Method) WHERE m.name CONTAINS 'cache' RETURN m.name;"
"List all classes and their direct method count.","MATCH (c:Class) OPTIONAL MATCH (c)-[:HAS_METHOD]->(m) RETURN c.name, count(m) as method_count;"
"Show me the path of the 'ApplicationTests' class.","MATCH (c:Class {name: 'ApplicationTests'}) RETURN c.file_path;"
"List all methods annotated with '@Test'.","MATCH (m:Method) WHERE m.code CONTAINS '@Test' RETURN m.signature;"
"Find the class with the name 'TestUtils'.","MATCH (c:Class {name: 'TestUtils'}) RETURN c.name, c.package;"
"What does the 'assertAndThrow' method call?","MATCH (m:Method {name: 'assertAndThrow'})-[:CALLS]->(callee) RETURN callee.name;"
"Who calls 'setup'?","MATCH (caller:Method)-[:CALLS]->(m:Method {name: 'setup'}) RETURN caller.name;"
"Get all fields for the 'MockData' class.","MATCH (c:Class {name: 'MockData'})-[:HAS_FIELD]->(f) RETURN f.name;"
"What interfaces are in the 'test.util' package?","MATCH (p:Package {name: 'test.util'})-[:CONTAINS]->(i:Interface) RETURN i.name;"
"Show the signature of 'runTest' in 'TestCase' interface.","MATCH (i:Interface {name: 'TestCase'})-[:HAS_METHOD]->(m:Method {name: 'runTest'}) RETURN m.signature;"
"Which classes are test classes (name ends with 'Test')?","MATCH (c:Class) WHERE c.name ENDS WITH 'Test' RETURN c.name;"
"Find all methods whose name starts with 'test'.","MATCH (m:Method) WHERE m.name STARTS WITH 'test' RETURN m.name;"
"Get the file path for the 'UserRepoTest' class.","MATCH (c:Class {name: 'UserRepoTest'}) RETURN c.file_path;"
"What does the 'testSaveUser' method call?","MATCH (m:Method {name: 'testSaveUser'})-[:CALLS]->(callee) RETURN callee.name;"
"Which methods are called by 'testFindUser_NotFound'?","MATCH (m:Method {name: 'testFindUser_NotFound'})-[:CALLS]->(callee) RETURN callee.name;"
"Find all methods in 'PaymentServiceTest'.","MATCH (c:Class {name: 'PaymentServiceTest'})-[:HAS_METHOD]->(m) RETURN m.name;"
"Who calls 'mockPayment'?","MATCH (caller)-[:CALLS]->(m:Method {name: 'mockPayment'}) RETURN caller.name;"
"List the fields for 'TestConstants' class.","MATCH (c:Class {name: 'TestConstants'})-[:HAS_FIELD]->(f) RETURN f.name;"
"Find all enums in the 'test' package.","MATCH (p:Package {name: 'test'})-[:CONTAINS]->(e:Enum) RETURN e.name;"
"Get the code for 'beforeEach' method.","MATCH (m:Method {name: 'beforeEach'}) RETURN m.code;"
"Which classes in 'com.myapp.test' have a 'setup' method?","MATCH (p:Package {name: 'com.myapp.test'})-[:CONTAINS]->(c:Class)-[:HAS_METHOD]->(m:Method {name: 'setup'}) RETURN c.name;"
"Show me all methods that return 'void' in test classes.","MATCH (c:Class)-[:HAS_METHOD]->(m) WHERE c.name ENDS WITH 'Test' AND m.signature CONTAINS ' void ' RETURN c.name, m.signature;"
"What is the parent class of 'BaseTest'?","MATCH (c:Class {name: 'BaseTest'}) RETURN c.extension;"
"Find test methods that don't call any other methods.","MATCH (m:Method) WHERE m.name STARTS WITH 'test' AND NOT (m)-[:CALLS]->() RETURN m.name;"
"List all methods in the 'ApiClient' class.","MATCH (c:Class {name: 'ApiClient'})-[:HAS_METHOD]->(m) RETURN m.signature;"
"Which other methods call the 'get' method of 'ApiClient'?","MATCH (caller:Method)-[:CALLS]->(callee:Method {name: 'get'})<-[:HAS_METHOD]-(:Class {name: 'ApiClient'}) RETURN caller.signature;"
"What are the fields in the 'ApiResponse' class?","MATCH (c:Class {name: 'ApiResponse'})-[:HAS_FIELD]->(f) RETURN f.name;"
"Find all classes in the 'com.myapp.client' package.","MATCH (p:Package {name: 'com.myapp.client'})-[:CONTAINS]->(c:Class) RETURN c.name;"
"Get the method signature for 'post' in 'ApiClient'.","MATCH (c:Class {name: 'ApiClient'})-[:HAS_METHOD]->(m:Method {name: 'post'}) RETURN m.signature;"
"What methods does 'executeRequest' call?","MATCH (m:Method {name: 'executeRequest'})-[:CALLS]->(callee) RETURN callee.name, callee.signature;"
"Which classes implement the 'Client' interface?","MATCH (c:Class)-[:IMPLEMENTS_INTERFACE]->(i:Interface {name: 'Client'}) RETURN c.name;"
"Find all methods that return an 'Optional'.","MATCH (m:Method) WHERE m.signature CONTAINS 'Optional<' RETURN m.signature;"
"How many private fields are there in total?","MATCH (c:Class)-[:HAS_FIELD]->(f:Field) WHERE f.signature CONTAINS 'private' RETURN count(f);"
"Show me all the methods in the 'HtmlGenerator' class.","MATCH (c:Class {name: 'HtmlGenerator'})-[:HAS_METHOD]->(m) RETURN m.signature;"
"Who calls the 'generate' method?","MATCH (caller:Method)-[:CALLS]->(:Method {name: 'generate'}) RETURN caller.signature;"
"List all fields in the 'HtmlElement' class.","MATCH (c:Class {name: 'HtmlElement'})-[:HAS_FIELD]->(f) RETURN f.name;"
"Find all classes in the 'com.myapp.view' package.","MATCH (p:Package {name: 'com.myapp.view'})-[:CONTAINS]->(c:Class) RETURN c.name;"
"Get the code for the 'addElement' method.","MATCH (m:Method {name: 'addElement'}) RETURN m.code;"
"Which classes import 'javax.swing.JFrame'?","MATCH (c:Class)-[:IMPORTS]->(i:Class {name: 'javax.swing.JFrame'}) RETURN c.name;"
"Find all methods that have a variable named 'buffer'.","MATCH (m:Method) WHERE m.code CONTAINS 'buffer' RETURN m.name, m.signature;"
"Find classes that are both a service and a component.","MATCH (c:Class) WHERE c.name ENDS WITH 'Service' AND c.code CONTAINS '@Component' RETURN c.name;"
"Show me the path of the 'README.md' file.","MATCH (f:File {path: 'README.md'}) RETURN f.path;"
"List all methods that are 'native'.","MATCH (m:Method) WHERE m.signature CONTAINS 'native' RETURN m.signature;"
"Find the class with the name 'PluginManager'.","MATCH (c:Class {name: 'PluginManager'}) RETURN c.name, c.package;"
"What does the 'loadPlugins' method call?","MATCH (m:Method {name: 'loadPlugins'})-[:CALLS]->(callee) RETURN callee.name;"
"Who calls 'getPlugin'?","MATCH (caller:Method)-[:CALLS]->(m:Method {name: 'getPlugin'}) RETURN caller.name;"
"Get all fields for the 'PluginInfo' class.","MATCH (c:Class {name: 'PluginInfo'})-[:HAS_FIELD]->(f) RETURN f.name;"
"What interfaces are in the 'plugin' package?","MATCH (p:Package {name: 'plugin'})-[:CONTAINS]->(i:Interface) RETURN i.name;"
"Show the signature of 'execute' in 'Plugin' interface.","MATCH (i:Interface {name: 'Plugin'})-[:HAS_METHOD]->(m:Method {name: 'execute'}) RETURN m.signature;"
"Which classes are abstract?","MATCH (c:Class) WHERE c.signature CONTAINS 'abstract class' RETURN c.name;"
"Find all methods whose name starts with 'set'.","MATCH (m:Method) WHERE m.name STARTS WITH 'set' RETURN m.name;"
"Get the file path for the 'I18n' class.","MATCH (c:Class {name: 'I18n'}) RETURN c.file_path;"
"What does the 'translate' method call?","MATCH (m:Method {name: 'translate'})-[:CALLS]->(callee) RETURN callee.name;"
"Which methods are called by 'getBundle'?","MATCH (m:Method {name: 'getBundle'})-[:CALLS]->(callee) RETURN callee.name;"
"Find all methods in 'LocaleResolver'.","MATCH (c:Class {name: 'LocaleResolver'})-[:HAS_METHOD]->(m) RETURN m.name;"
"Who calls 'resolveLocale'?","MATCH (caller)-[:CALLS]->(m:Method {name: 'resolveLocale'}) RETURN caller.name;"
"List the fields for 'LanguagePack' class.","MATCH (c:Class {name: 'LanguagePack'})-[:HAS_FIELD]->(f) RETURN f.name;"
"Find all interfaces in the 'i18n' package.","MATCH (p:Package {name: 'i18n'})-[:CONTAINS]->(i:Interface) RETURN i.name;"
"Get the code for 'getString' method.","MATCH (m:Method {name: 'getString'}) RETURN m.code;"
"Which classes in 'com.myapp.i18n' extends another class?","MATCH (p:Package {name: 'com.myapp.i18n'})-[:CONTAINS]->(c:Class) WHERE c.extension IS NOT NULL RETURN c.name, c.extension;"
"Show me all methods that return an 'Array'.","MATCH (m:Method) WHERE m.signature CONTAINS '[]' RETURN m.signature;"
"What is the parent class of 'BaseDao'?","MATCH (c:Class {name: 'BaseDao'}) RETURN c.extension;"
"Find all data access methods.","MATCH (m:Method) WHERE m.name STARTS WITH 'find' OR m.name STARTS WITH 'get' OR m.name STARTS WITH 'save' OR m.name STARTS WITH 'delete' RETURN m.signature;"
"List all methods in the 'UserDao' class.","MATCH (c:Class {name: 'UserDao'})-[:HAS_METHOD]->(m) RETURN m.signature;"
"Which other methods call the 'findUserByName' method?","MATCH (caller:Method)-[:CALLS]->(:Method {name: 'findUserByName'}) RETURN caller.signature;"
"What are the fields in the 'UserEntity' class?","MATCH (c:Class {name: 'UserEntity'})-[:HAS_FIELD]->(f) RETURN f.name;"
"Find all classes in the 'com.myapp.dao' package.","MATCH (p:Package {name: 'com.myapp.dao'})-[:CONTAINS]->(c:Class) RETURN c.name;"
"Get the method signature for 'updateUser' in 'UserDao'.","MATCH (c:Class {name: 'UserDao'})-[:HAS_METHOD]->(m:Method {name: 'updateUser'}) RETURN m.signature;"
"What methods does 'deleteUser' call?","MATCH (m:Method {name: 'deleteUser'})-[:CALLS]->(callee) RETURN callee.name, callee.signature;"
"Which classes implement the 'DataAccessObject' interface?","MATCH (c:Class)-[:IMPLEMENTS_INTERFACE]->(i:Interface {name: 'DataAccessObject'}) RETURN c.name;"
"Find all methods that return a 'Long'.","MATCH (m:Method) WHERE m.signature CONTAINS ' Long ' RETURN m.signature;"
"How many methods in 'UserService' are public?","MATCH (:Class {name: 'UserService'})-[:HAS_METHOD]->(m) WHERE m.signature STARTS WITH 'public' RETURN count(m);"
"Show me all the methods in the 'MigrationService' class.","MATCH (c:Class {name: 'MigrationService'})-[:HAS_METHOD]->(m) RETURN m.signature;"
"Who calls the 'runMigrations' method?","MATCH (caller:Method)-[:CALLS]->(:Method {name: 'runMigrations'}) RETURN caller.signature;"
"List all fields in the 'SchemaVersion' class.","MATCH (c:Class {name: 'SchemaVersion'})-[:HAS_FIELD]->(f) RETURN f.name;"
"Find all classes in the 'com.myapp.db' package.","MATCH (p:Package {name: 'com.myapp.db'})-[:CONTAINS]->(c:Class) RETURN c.name;"
"Get the code for the 'migrate' method.","MATCH (m:Method {name: 'migrate'}) RETURN m.code;"
"Which classes import 'java.sql.Connection'?","MATCH (c:Class)-[:IMPORTS]->(i:Class {name: 'java.sql.Connection'}) RETURN c.name;"
"Find all methods that have a 'Connection' parameter.","MATCH (m:Method) WHERE m.signature CONTAINS '(Connection' RETURN m.name, m.signature;"
"Find the class with the most outgoing method calls.","MATCH (c:Class)-[:HAS_METHOD]->(m)-[r:CALLS]->() WITH c, count(r) as callCount RETURN c.name, callCount ORDER BY callCount DESC LIMIT 1;"
"Show me the path of the 'Dockerfile' file.","MATCH (f:File {path: 'Dockerfile'}) RETURN f.path;"
"List all methods that are 'strictfp'.","MATCH (m:Method) WHERE m.signature CONTAINS 'strictfp' RETURN m.signature;"
"Find the class with the name 'Endpoint'.","MATCH (c:Class {name: 'Endpoint'}) RETURN c.name, c.package;"
"What does the 'register' method call?","MATCH (m:Method {name: 'register'})-[:CALLS]->(callee) RETURN callee.name;"
"Who calls 'unregister'?","MATCH (caller:Method)-[:CALLS]->(m:Method {name: 'unregister'}) RETURN caller.name;"
"Get all fields for the 'EndpointConfig' class.","MATCH (c:Class {name: 'EndpointConfig'})-[:HAS_FIELD]->(f) RETURN f.name;"
"What interfaces are in the 'endpoint' package?","MATCH (p:Package {name: 'endpoint'})-[:CONTAINS]->(i:Interface) RETURN i.name;"
"Show the signature of 'handleRequest' in 'RequestHandler' interface.","MATCH (i:Interface {name: 'RequestHandler'})-[:HAS_METHOD]->(m:Method {name: 'handleRequest'}) RETURN m.signature;"
"Which classes have a name collision (same name, different package)?","MATCH (c1:Class), (c2:Class) WHERE c1.name = c2.name AND c1.package <> c2.package RETURN c1.name, c1.package, c2.package;"
"Find all methods whose name is a single character.","MATCH (m:Method) WHERE length(m.name) = 1 RETURN m.name, m.signature;"
"Get the file path for the 'LICENSE' file.","MATCH (f:File {path: 'LICENSE'}) RETURN f.path;"
"What does the 'main' method call?","MATCH (m:Method {signature: 'public static void main(String[] args)'})-[:CALLS]->(callee) RETURN callee.name;"
"Which methods are called by the constructor of 'Application'?","MATCH (m:Method {name: 'Application'})-[:CALLS]->(callee) RETURN callee.name;"
"Find all methods in 'Application'.","MATCH (c:Class {name: 'Application'})-[:HAS_METHOD]->(m) RETURN m.name;"
"Who calls 'run'?","MATCH (caller)-[:CALLS]->(m:Method {name: 'run'}) RETURN caller.name;"
"List the fields for 'AppContext' class.","MATCH (c:Class {name: 'AppContext'})-[:HAS_FIELD]->(f) RETURN f.name;"
"Find all interfaces in the main package.","MATCH (p:Package {name: 'com.myapp'})-[:CONTAINS]->(i:Interface) RETURN i.name;"
"Get the code for 'init' method.","MATCH (m:Method {name: 'init'}) RETURN m.code;"
"Which classes in the main package have fields?","MATCH (p:Package {name: 'com.myapp'})-[:CONTAINS]->(c:Class)-[:HAS_FIELD]->(f) RETURN DISTINCT c.name;"
"Show me all methods that return 'this'.","MATCH (m:Method) WHERE m.code CONTAINS 'return this;' RETURN m.signature;"
"What is the parent class of 'GenericServlet'?","MATCH (c:Class {name: 'GenericServlet'}) RETURN c.extension;"
"Find all classes that are part of the public API.","MATCH (c:Class) WHERE c.package STARTS WITH 'com.myapp.api' RETURN c.name;"
"List all methods in the 'HealthCheckController' class.","MATCH (c:Class {name: 'HealthCheckController'})-[:HAS_METHOD]->(m) RETURN m.signature;"
"Which other methods call the 'checkHealth' method?","MATCH (caller:Method)-[:CALLS]->(:Method {name: 'checkHealth'}) RETURN caller.signature;"
"What are the fields in the 'HealthStatus' class?","MATCH (c:Class {name: 'HealthStatus'})-[:HAS_FIELD]->(f) RETURN f.name;"
"Find all classes in the 'com.myapp.health' package.","MATCH (p:Package {name: 'com.myapp.health'})-[:CONTAINS]->(c:Class) RETURN c.name;"
"Get the method signature for 'getStatus' in 'HealthCheckController'.","MATCH (c:Class {name: 'HealthCheckController'})-[:HAS_METHOD]->(m:Method {name: 'getStatus'}) RETURN m.signature;"
"What methods does 'ping' call?","MATCH (m:Method {name: 'ping'})-[:CALLS]->(callee) RETURN callee.name, callee.signature;"
"Which classes implement the 'HealthIndicator' interface?","MATCH (c:Class)-[:IMPLEMENTS_INTERFACE]->(i:Interface {name: 'HealthIndicator'}) RETURN c.name;"
"Find all methods that return an 'enum' type.","MATCH (m:Method)-[:RETURNS]->(e:Enum) RETURN m.signature, e.name;"
"How many classes implement at least one interface?","MATCH (c:Class)-[:IMPLEMENTS_INTERFACE]->() RETURN count(DISTINCT c);"
"Show me all the methods in the 'WebSocketHandler' class.","MATCH (c:Class {name: 'WebSocketHandler'})-[:HAS_METHOD]->(m) RETURN m.signature;"
"Who calls the 'afterConnectionEstablished' method?","MATCH (caller:Method)-[:CALLS]->(:Method {name: 'afterConnectionEstablished'}) RETURN caller.signature;"
"List all fields in the 'WebSocketSession' class.","MATCH (c:Class {name: 'WebSocketSession'})-[:HAS_FIELD]->(f) RETURN f.name;"
"Find all classes in the 'com.myapp.websocket' package.","MATCH (p:Package {name: 'com.myapp.websocket'})-[:CONTAINS]->(c:Class) RETURN c.name;"
"Get the code for the 'handleTextMessage' method.","MATCH (m:Method {name: 'handleTextMessage'}) RETURN m.code;"
"Which classes import 'org.springframework.web.socket.WebSocketHandler'?","MATCH (c:Class)-[:IMPORTS]->(i:Class {name: 'org.springframework.web.socket.WebSocketHandler'}) RETURN c.name;"
"Find all methods that have a 'Session' parameter.","MATCH (m:Method) WHERE m.signature CONTAINS '(Session' RETURN m.name, m.signature;"
"Find classes with more than 20 methods.","MATCH (c:Class)-[:HAS_METHOD]->(m) WITH c, count(m) as methodCount WHERE methodCount > 20 RETURN c.name, methodCount;"
"Show me the path of the '.gitignore' file.","MATCH (f:File {path: '.gitignore'}) RETURN f.path;"
"List all methods that call 'System.exit'.","MATCH (m:Method)-[:CALLS]->(c:Method) WHERE c.signature CONTAINS 'System.exit' RETURN m.name, m.signature;"
"Find the class with the name 'BatchProcessor'.","MATCH (c:Class {name: 'BatchProcessor'}) RETURN c.name, c.package;"
"What does the 'processBatch' method call?","MATCH (m:Method {name: 'processBatch'})-[:CALLS]->(callee) RETURN callee.name;"
"Who calls 'startJob'?","MATCH (caller:Method)-[:CALLS]->(m:Method {name: 'startJob'}) RETURN caller.name;"
"Get all fields for the 'JobExecution' class.","MATCH (c:Class {name: 'JobExecution'})-[:HAS_FIELD]->(f) RETURN f.name;"
"What interfaces are in the 'batch' package?","MATCH (p:Package {name: 'batch'})-[:CONTAINS]->(i:Interface) RETURN i.name;"
"Show the signature of 'execute' in 'Job' interface.","MATCH (i:Interface {name: 'Job'})-[:HAS_METHOD]->(m:Method {name: 'execute'}) RETURN m.signature;"
"Which classes are part of a batch job?","MATCH (c:Class) WHERE c.package CONTAINS 'batch' RETURN c.name;"
"Find all methods whose name contains 'batch'.","MATCH (m:Method) WHERE m.name CONTAINS 'batch' RETURN m.name;"
"Get the file path for the 'BatchConfig' class.","MATCH (c:Class {name: 'BatchConfig'}) RETURN c.file_path;"
"What does the 'step' method call?","MATCH (m:Method {name: 'step'})-[:CALLS]->(callee) RETURN callee.name;"
"Which methods are called by 'job'?","MATCH (m:Method {name: 'job'})-[:CALLS]->(callee) RETURN callee.name;"
"Find all methods in 'ItemReader'.","MATCH (c:Class {name: 'ItemReader'})-[:HAS_METHOD]->(m) RETURN m.name;"
"Who calls 'read'?","MATCH (caller)-[:CALLS]->(m:Method {name: 'read'}) RETURN caller.name;"
"List the fields for 'BatchStatus' enum.","MATCH (e:Enum {name: 'BatchStatus'})-[:HAS_FIELD]->(f) RETURN f.name;"
"Find all enums in the 'batch.model' package.","MATCH (p:Package {name: 'batch.model'})-[:CONTAINS]->(e:Enum) RETURN e.name;"
"Get the code for 'write' method in 'ItemWriter'.","MATCH (c:Class {name: 'ItemWriter'})-[:HAS_METHOD]->(m:Method {name: 'write'}) RETURN m.code;"
"Which classes in 'com.myapp.batch' are listeners?","MATCH (p:Package {name: 'com.myapp.batch'})-[:CONTAINS]->(c:Class) WHERE c.name CONTAINS 'Listener' RETURN c.name;"
"Show me all methods that return a 'JobExecution'.","MATCH (m:Method) WHERE m.signature ENDS WITH 'JobExecution' RETURN m.signature;"
"What is the parent class of 'AbstractStep'?","MATCH (c:Class {name: 'AbstractStep'}) RETURN c.extension;"
"Find all orphaned methods (in a file with no class/interface).","MATCH (f:File)-[:CONTAINS_TYPE]->(m:Method) WHERE NOT (f)-[:CONTAINS_TYPE]->(:Class) AND NOT (f)-[:CONTAINS_TYPE]->(:Interface) RETURN f.path, m.name;"
"List all methods in the 'GraphQLController' class.","MATCH (c:Class {name: 'GraphQLController'})-[:HAS_METHOD]->(m) RETURN m.signature;"
"Which other methods call the 'query' method?","MATCH (caller:Method)-[:CALLS]->(:Method {name: 'query'}) RETURN caller.signature;"
"What are the fields in the 'GraphQLRequest' class?","MATCH (c:Class {name: 'GraphQLRequest'})-[:HAS_FIELD]->(f) RETURN f.name;"
"Find all classes in the 'com.myapp.graphql' package.","MATCH (p:Package {name: 'com.myapp.graphql'})-[:CONTAINS]->(c:Class) RETURN c.name;"
"Get the method signature for 'mutation' in 'GraphQLController'.","MATCH (c:Class {name: 'GraphQLController'})-[:HAS_METHOD]->(m:Method {name: 'mutation'}) RETURN m.signature;"
"What methods does 'executeGraphQL' call?","MATCH (m:Method {name: 'executeGraphQL'})-[:CALLS]->(callee) RETURN callee.name, callee.signature;"
"Which classes implement the 'DataFetcher' interface?","MATCH (c:Class)-[:IMPLEMENTS_INTERFACE]->(i:Interface {name: 'DataFetcher'}) RETURN c.name;"
"Find all methods that return a 'GraphQLResponse'.","MATCH (m:Method) WHERE m.signature ENDS WITH 'GraphQLResponse' RETURN m.signature;"
"How many fields does 'User' class have?","MATCH (:Class {name: 'User'})-[:HAS_FIELD]->(f) RETURN count(f);"
"Show me all the methods in the 'MetricsFilter' class.","MATCH (c:Class {name: 'MetricsFilter'})-[:HAS_METHOD]->(m) RETURN m.signature;"
"Who calls the 'doFilter' method?","MATCH (caller:Method)-[:CALLS]->(:Method {name: 'doFilter'}) RETURN caller.signature;"
"List all fields in the 'RequestMetrics' class.","MATCH (c:Class {name: 'RequestMetrics'})-[:HAS_FIELD]->(f) RETURN f.name;"
"Find all classes in the 'com.myapp.metrics' package.","MATCH (p:Package {name: 'com.myapp.metrics'})-[:CONTAINS]->(c:Class) RETURN c.name;"
"Get the code for the 'recordMetric' method.","MATCH (m:Method {name: 'recordMetric'}) RETURN m.code;"
"Which classes import 'io.micrometer.core.instrument.MeterRegistry'?","MATCH (c:Class)-[:IMPORTS]->(i:Class {name: 'io.micrometer.core.instrument.MeterRegistry'}) RETURN c.name;"
"Find all methods that have a 'Timer' parameter.","MATCH (m:Method) WHERE m.signature CONTAINS '(Timer' RETURN m.name, m.signature;"
"Find classes that are not in any package.","MATCH (c:Class) WHERE c.package IS NULL RETURN c.name;"
"Show me the path of the 'settings.xml' file.","MATCH (f:File {path: 'settings.xml'}) RETURN f.path;"
"List all methods that call themselves (recursive).","MATCH (m:Method)-[:CALLS]->(m) RETURN m.name, m.signature;"
"Find the class with the name 'AopProxy'.","MATCH (c:Class {name: 'AopProxy'}) RETURN c.name, c.package;"
"What does the 'invoke' method call?","MATCH (m:Method {name: 'invoke'})-[:CALLS]->(callee) RETURN callee.name;"
"Who calls 'getProxy'?","MATCH (caller:Method)-[:CALLS]->(m:Method {name: 'getProxy'}) RETURN caller.name;"
"Get all fields for the 'AdvisedSupport' class.","MATCH (c:Class {name: 'AdvisedSupport'})-[:HAS_FIELD]->(f) RETURN f.name;"
"What interfaces are in the 'aop' package?","MATCH (p:Package {name: 'aop'})-[:CONTAINS]->(i:Interface) RETURN i.name;"
"Show the signature of 'getTargetClass' in 'Advised' interface.","MATCH (i:Interface {name: 'Advised'})-[:HAS_METHOD]->(m:Method {name: 'getTargetClass'}) RETURN m.signature;"
"Which classes are AOP advices (name ends with 'Advice')?","MATCH (c:Class) WHERE c.name ENDS WITH 'Advice' RETURN c.name;"
"Find all methods whose name contains 'aspect'.","MATCH (m:Method) WHERE m.name CONTAINS 'aspect' RETURN m.name;"
"Get the file path for the 'Pointcut' interface.","MATCH (i:Interface {name: 'Pointcut'}) RETURN i.file_path;"
"What does the 'matches' method call?","MATCH (m:Method {name: 'matches'})-[:CALLS]->(callee) RETURN callee.name;"
"Which methods are called by 'getPointcut'?","MATCH (m:Method {name: 'getPointcut'})-[:CALLS]->(callee) RETURN callee.name;"
"Find all methods in 'AspectJExpressionPointcut'.","MATCH (c:Class {name: 'AspectJExpressionPointcut'})-[:HAS_METHOD]->(m) RETURN m.name;"
"Who calls 'setExpression'?","MATCH (caller)-[:CALLS]->(m:Method {name: 'setExpression'}) RETURN caller.name;"
"List the fields for 'ProxyFactory' class.","MATCH (c:Class {name: 'ProxyFactory'})-[:HAS_FIELD]->(f) RETURN f.name;"
"Find all interfaces in the 'aop.framework' package.","MATCH (p:Package {name: 'aop.framework'})-[:CONTAINS]->(i:Interface) RETURN i.name;"
"Get the code for 'addAdvice' method.","MATCH (m:Method {name: 'addAdvice'}) RETURN m.code;"
"Which classes in 'com.myapp.aop' have a method starting with 'before'?","MATCH (p:Package {name: 'com.myapp.aop'})-[:CONTAINS]->(c:Class)-[:HAS_METHOD]->(m) WHERE m.name STARTS WITH 'before' RETURN c.name, m.name;"
"Show me all methods that return a 'Pointcut'.","MATCH (m:Method) WHERE m.signature ENDS WITH 'Pointcut' RETURN m.signature;"
"What is the parent class of 'AbstractAopProxy'?","MATCH (c:Class {name: 'AbstractAopProxy'}) RETURN c.extension;"
"Find all god classes (more than 50 methods).","MATCH (c:Class)-[:HAS_METHOD]->(m) WITH c, count(m) as methodCount WHERE methodCount > 50 RETURN c.name, methodCount;"
"List all methods in the 'TransactionManager' class.","MATCH (c:Class {name: 'TransactionManager'})-[:HAS_METHOD]->(m) RETURN m.signature;"
"Which other methods call the 'commit' method?","MATCH (caller:Method)-[:CALLS]->(:Method {name: 'commit'}) RETURN caller.signature;"
"What are the fields in the 'TransactionStatus' class?","MATCH (c:Class {name: 'TransactionStatus'})-[:HAS_FIELD]->(f) RETURN f.name;"
"Find all classes in the 'com.myapp.transaction' package.","MATCH (p:Package {name: 'com.myapp.transaction'})-[:CONTAINS]->(c:Class) RETURN c.name;"
"Get the method signature for 'rollback' in 'TransactionManager'.","MATCH (c:Class {name: 'TransactionManager'})-[:HAS_METHOD]->(m:Method {name: 'rollback'}) RETURN m.signature;"
"What methods does 'begin' call?","MATCH (m:Method {name: 'begin'})-[:CALLS]->(callee) RETURN callee.name, callee.signature;"
"Which classes implement the 'PlatformTransactionManager' interface?","MATCH (c:Class)-[:IMPLEMENTS_INTERFACE]->(i:Interface {name: 'PlatformTransactionManager'}) RETURN c.name;"
"Find all methods that return a 'Transaction'.","MATCH (m:Method) WHERE m.signature ENDS WITH 'Transaction' RETURN m.signature;"
"How many methods are in the 'TransactionAspectSupport' class?","MATCH (c:Class {name: 'TransactionAspectSupport'})-[:HAS_METHOD]->(m) RETURN count(m);"
"Show me all the methods in the 'EventPublisher' class.","MATCH (c:Class {name: 'EventPublisher'})-[:HAS_METHOD]->(m) RETURN m.signature;"
"Who calls the 'publishEvent' method?","MATCH (caller:Method)-[:CALLS]->(:Method {name: 'publishEvent'}) RETURN caller.signature;"
"List all fields in the 'ApplicationEvent' class.","MATCH (c:Class {name: 'ApplicationEvent'})-[:HAS_FIELD]->(f) RETURN f.name;"
"Find all classes in the 'com.myapp.event' package.","MATCH (p:Package {name: 'com.myapp.event'})-[:CONTAINS]->(c:Class) RETURN c.name;"
"Get the code for the 'onApplicationEvent' method.","MATCH (m:Method {name: 'onApplicationEvent'}) RETURN m.code;"
"Which classes implement 'ApplicationListener'?","MATCH (c:Class)-[:IMPLEMENTS_INTERFACE]->(i:Interface {name: 'ApplicationListener'}) RETURN c.name;"
"Find all methods that have an 'Event' parameter.","MATCH (m:Method) WHERE m.signature CONTAINS '(Event' RETURN m.name, m.signature;"
"Find classes that listen to events but don't publish any.","MATCH (c:Class)-[:IMPLEMENTS_INTERFACE]->(:Interface {name: 'ApplicationListener'}) WHERE NOT EXISTS((c)-[:HAS_METHOD]->()-[:CALLS]->(:Method {name: 'publishEvent'})) RETURN c.name;"
"Show me the path of the 'log4j2.xml' file.","MATCH (f:File {path: 'log4j2.xml'}) RETURN f.path;"
"List all methods that call 'logger.info'.","MATCH (m:Method)-[:CALLS]->(c:Method) WHERE c.signature CONTAINS 'logger.info' RETURN m.name, m.signature;"
"Find the class with the name 'LoggerFactory'.","MATCH (c:Class {name: 'LoggerFactory'}) RETURN c.name, c.package;"
"What does the 'getLogger' method call?","MATCH (m:Method {name: 'getLogger'})-[:CALLS]->(callee) RETURN callee.name;"
"Who calls 'debug'?","MATCH (caller:Method)-[:CALLS]->(m:Method {name: 'debug'}) RETURN caller.name;"
"Get all fields for the 'LoggerContext' class.","MATCH (c:Class {name: 'LoggerContext'})-[:HAS_FIELD]->(f) RETURN f.name;"
"What interfaces are in the 'logging' package?","MATCH (p:Package {name: 'logging'})-[:CONTAINS]->(i:Interface) RETURN i.name;"
"Show the signature of 'log' in 'Logger' interface.","MATCH (i:Interface {name: 'Logger'})-[:HAS_METHOD]->(m:Method {name: 'log'}) RETURN m.signature;"
"Which classes have a 'Logger' field?","MATCH (c:Class)-[:HAS_FIELD]->(f:Field) WHERE f.type = 'Logger' RETURN c.name;"
"Find all methods whose name contains 'log'.","MATCH (m:Method) WHERE m.name CONTAINS 'log' RETURN m.name;"
"Get the file path for the 'AuditService' class.","MATCH (c:Class {name: 'AuditService'}) RETURN c.file_path;"
"What does the 'logAccess' method call?","MATCH (m:Method {name: 'logAccess'})-[:CALLS]->(callee) RETURN callee.name;"
"Which methods are called by 'logFailure'?","MATCH (m:Method {name: 'logFailure'})-[:CALLS]->(callee) RETURN callee.name;"
"Find all methods in 'AuditInterceptor'.","MATCH (c:Class {name: 'AuditInterceptor'})-[:HAS_METHOD]->(m) RETURN m.name;"
"Who calls 'audit'?","MATCH (caller)-[:CALLS]->(m:Method {name: 'audit'}) RETURN caller.name;"
"List the fields for 'AuditEvent' class.","MATCH (c:Class {name: 'AuditEvent'})-[:HAS_FIELD]->(f) RETURN f.name;"
"Find all interfaces in the 'audit' package.","MATCH (p:Package {name: 'audit'})-[:CONTAINS]->(i:Interface) RETURN i.name;"
"Get the code for 'createAuditEvent' method.","MATCH (m:Method {name: 'createAuditEvent'}) RETURN m.code;"
"Which classes in 'com.myapp.audit' are annotated with '@Service'?","MATCH (p:Package {name: 'com.myapp.audit'})-[:CONTAINS]->(c:Class) WHERE c.code CONTAINS '@Service' RETURN c.name;"
"Show me all methods that return an 'AuditEvent'.","MATCH (m:Method) WHERE m.signature ENDS WITH 'AuditEvent' RETURN m.signature;"
"What is the parent class of 'AbstractAuditEvent'?","MATCH (c:Class {name: 'AbstractAuditEvent'}) RETURN c.extension;"
"Find all utility classes (name ends with 'Utils' or 'Util').","MATCH (c:Class) WHERE c.name ENDS WITH 'Utils' OR c.name ENDS WITH 'Util' RETURN c.name;"
"List all methods in the 'ReflectionUtils' class.","MATCH (c:Class {name: 'ReflectionUtils'})-[:HAS_METHOD]->(m) RETURN m.signature;"
"Which other methods call the 'findMethod' method?","MATCH (caller:Method)-[:CALLS]->(:Method {name: 'findMethod'}) RETURN caller.signature;"
"What are the fields in the 'FieldCallback' class?","MATCH (c:Class {name: 'FieldCallback'})-[:HAS_FIELD]->(f) RETURN f.name;"
"Find all classes in the 'com.myapp.util.reflection' package.","MATCH (p:Package {name: 'com.myapp.util.reflection'})-[:CONTAINS]->(c:Class) RETURN c.name;"
"Get the method signature for 'makeAccessible' in 'ReflectionUtils'.","MATCH (c:Class {name: 'ReflectionUtils'})-[:HAS_METHOD]->(m:Method {name: 'makeAccessible'}) RETURN m.signature;"
"What methods does 'doWithFields' call?","MATCH (m:Method {name: 'doWithFields'})-[:CALLS]->(callee) RETURN callee.name, callee.signature;"
"Which classes implement the 'MethodCallback' interface?","MATCH (c:Class)-[:IMPLEMENTS_INTERFACE]->(i:Interface {name: 'MethodCallback'}) RETURN c.name;"
"Find all methods that return a 'Field'.","MATCH (m:Method) WHERE m.signature ENDS WITH 'Field' RETURN m.signature;"
"How many static methods are in 'StringUtils'?","MATCH (:Class {name: 'StringUtils'})-[:HAS_METHOD]->(m) WHERE m.signature CONTAINS 'static' RETURN count(m);"
"Show me all the methods in the 'TaskScheduler' class.","MATCH (c:Class {name: 'TaskScheduler'})-[:HAS_METHOD]->(m) RETURN m.signature;"
"Who calls the 'schedule' method?","MATCH (caller:Method)-[:CALLS]->(:Method {name: 'schedule'}) RETURN caller.signature;"
"List all fields in the 'Trigger' class.","MATCH (c:Class {name: 'Trigger'})-[:HAS_FIELD]->(f) RETURN f.name;"
"Find all classes in the 'com.myapp.scheduler' package.","MATCH (p:Package {name: 'com.myapp.scheduler'})-[:CONTAINS]->(c:Class) RETURN c.name;"
"Get the code for the 'nextExecutionTime' method.","MATCH (m:Method {name: 'nextExecutionTime'}) RETURN m.code;"
"Which classes implement 'SchedulingConfigurer'?","MATCH (c:Class)-[:IMPLEMENTS_INTERFACE]->(i:Interface {name: 'SchedulingConfigurer'}) RETURN c.name;"
"Find all methods that have a 'Task' parameter.","MATCH (m:Method) WHERE m.signature CONTAINS '(Task' RETURN m.name, m.signature;"
"Find classes that are scheduled tasks (annotated with '@Scheduled').","MATCH (c:Class)-[:HAS_METHOD]->(m) WHERE m.code CONTAINS '@Scheduled' RETURN DISTINCT c.name;"
"Show me the path of the 'application.properties' file.","MATCH (f:File {path: 'application.properties'}) RETURN f.path;"
"List all methods that call 'super.clone()'.","MATCH (m:Method)-[:CALLS]->(c:Method) WHERE c.signature CONTAINS 'super.clone' RETURN m.name, m.signature;"
"Find classes that do not implement any interfaces.","MATCH (c:Class) WHERE NOT (c)-[:IMPLEMENTS_INTERFACE]->() RETURN c.name;"
"List all methods that are not called by any other method.","MATCH (m:Method) WHERE NOT ()-[:CALLS]->(m) RETURN m.name, m.signature;"
"Show me all files that do not contain a Class.","MATCH (f:File) WHERE NOT (f)-[:CONTAINS_TYPE]->(:Class) RETURN f.path;"
"Which packages are empty?","MATCH (p:Package) WHERE NOT (p)-[:CONTAINS]->() RETURN p.name;"
"Find all classes that don't have a specified package.","MATCH (c:Class) WHERE c.package IS NULL OR c.package = '' RETURN c.name;"
"Get all methods that don't call any other methods (leaf functions).","MATCH (m:Method) WHERE NOT (m)-[:CALLS]->() RETURN m.name, m.signature;"
"List all classes that have no fields and no methods.","MATCH (c:Class) WHERE NOT (c)-[:HAS_FIELD]->() AND NOT (c)-[:HAS_METHOD]->() RETURN c.name;"
"Show me interfaces with no methods defined.","MATCH (i:Interface) WHERE NOT (i)-[:HAS_METHOD]->() RETURN i.name;"
"Which classes do not extend any other class?","MATCH (c:Class) WHERE c.extension IS NULL RETURN c.name;"
"Find methods that have no parameters.","MATCH (m:Method) WHERE NOT (m)-[:HAS_PARAMETER]->() RETURN m.name, m.signature;"
"Which is larger, 'UserService' or 'ProductService', in terms of method count?","MATCH (c1:Class {name: 'UserService'})-[:HAS_METHOD]->(m1) WITH count(m1) as userServiceMethods MATCH (c2:Class {name: 'ProductService'})-[:HAS_METHOD]->(m2) WITH userServiceMethods, count(m2) as productServiceMethods RETURN userServiceMethods, productServiceMethods;"
"Compare the number of fields in 'User' and 'UserProfile'.","MATCH (c1:Class {name: 'User'})-[:HAS_FIELD]->(f1) WITH count(f1) as userFields MATCH (c2:Class {name: 'UserProfile'})-[:HAS_FIELD]->(f2) WITH userFields, count(f2) as userProfileFields RETURN userFields, userProfileFields;"
"Does 'methodA' call 'methodB'?","MATCH (a:Method {name: 'methodA'}), (b:Method {name: 'methodB'}) RETURN EXISTS((a)-[:CALLS]->(b));"
"Find the shortest call path between 'startMethod' and 'endMethod'.","MATCH (start:Method {name: 'startMethod'}), (end:Method {name: 'endMethod'}), p = shortestPath((start)-[:CALLS*]-(end)) RETURN p;"
"Show me the call chain leading to 'processTransaction'.","MATCH p=(caller:Method)-[:CALLS*]->(callee:Method {name: 'processTransaction'}) RETURN p;"
"What are all the possible relationship types for a 'Class' node?","MATCH (c:Class)-[r]-() RETURN DISTINCT type(r);"
"List all properties that a 'Method' node can have.","MATCH (m:Method) UNWIND keys(m) AS key RETURN DISTINCT key;"
"Show me the schema of the graph.","CALL db.schema.visualization();"
"What are the labels in this graph database?","CALL db.labels() YIELD label RETURN label;"
"List all relationship types in the database.","CALL db.relationshipTypes() YIELD relationshipType RETURN relationshipType;"
"Find methods in 'ServiceA' that are not in 'ServiceB'.","MATCH (sa:Class {name:'ServiceA'})-[:HAS_METHOD]->(m) WHERE NOT EXISTS { MATCH (sb:Class {name:'ServiceB'})-[:HAS_METHOD]->(m) } RETURN m.name;"
"Get all classes from 'com.example.a' that are not in 'com.example.b'.","MATCH (pa:Package {name:'com.example.a'})-[:CONTAINS]->(c:Class) WHERE NOT EXISTS { MATCH (pb:Package {name:'com.example.b'})-[:CONTAINS]->(c) } RETURN c.name;"
"List all methods that are 'public' but not 'static'.","MATCH (m:Method) WHERE m.signature STARTS WITH 'public' AND NOT m.signature CONTAINS ' static ' RETURN m.signature;"
"Find all files modified today that are not test files.","MATCH (f:File) WHERE date(f.lastSeen) = date() AND NOT f.path CONTAINS 'Test' RETURN f.path;"
"Show me classes that have fields but no methods.","MATCH (c:Class)-[:HAS_FIELD]->() WHERE NOT (c)-[:HAS_METHOD]->() RETURN c.name;"
"Which methods are recursive?","MATCH (m:Method)-[:CALLS]->(m) RETURN m.name, m.signature;"
"Find all pairs of methods that call each other (mutual recursion).","MATCH (m1:Method)-[:CALLS]->(m2:Method), (m2:Method)-[:CALLS]->(m1:Method) RETURN m1.name, m2.name;"
"List all classes that have a 'Logger' field.","MATCH (c:Class)-[:HAS_FIELD]->(f:Field) WHERE f.type = 'Logger' RETURN c.name;"
"Show me the package and file path for every class named 'Utils'.","MATCH (c:Class {name: 'Utils'}) RETURN c.package, c.file_path;"
"Get all methods that return the same type as their class. (Fluent builders)","MATCH (c:Class)-[:HAS_METHOD]->(m:Method) WHERE m.signature ENDS WITH c.name RETURN c.name, m.signature;"
"Find all methods with a cyclomatic complexity greater than 10. (Heuristic)","MATCH (m:Method) WHERE size(split(m.code, 'if')) + size(split(m.code, 'while')) + size(split(m.code, 'for')) + size(split(m.code, 'case')) > 10 RETURN m.name;"
"List all classes that are in a 'service' package and implement 'Serializable'.","MATCH (p:Package)-[:CONTAINS]->(c:Class)-[:IMPLEMENTS_INTERFACE]->(i:Interface {name: 'Serializable'}) WHERE p.name ENDS WITH '.service' RETURN c.name;"
"Show me the full call graph starting from the 'main' method, up to 3 levels deep.","MATCH p=(m:Method {name: 'main'})-[:CALLS*1..3]->(callee) RETURN p;"
"Find all methods that are both 'final' and 'static'.","MATCH (m:Method) WHERE m.signature CONTAINS 'final' AND m.signature CONTAINS 'static' RETURN m.signature;"
"Which classes have a method with the same name as the class (constructor)?","MATCH (c:Class)-[:HAS_METHOD]->(m:Method) WHERE c.name = m.name RETURN c.name;"
"Get all methods that throw 'IOException'.","MATCH (m:Method) WHERE m.signature CONTAINS 'throws IOException' RETURN m.signature;"
"List all methods in 'com.myapp' and group them by class.","MATCH (p:Package {name:'com.myapp'})-[:CONTAINS]->(c:Class)-[:HAS_METHOD]->(m) RETURN c.name, collect(m.name) AS methods;"
"Find all 'TODO' comments in the codebase.","MATCH (m:Method) WHERE m.code CONTAINS 'TODO' RETURN m.name, m.signature;"
"Show me the classes that have 'private' constructors.","MATCH (c:Class)-[:HAS_METHOD]->(m) WHERE m.name = c.name AND m.signature STARTS WITH 'private' RETURN c.name;"
"Which methods have a very long signature (more than 100 characters)?","MATCH (m:Method) WHERE size(m.signature) > 100 RETURN m.signature;"
"Get all methods that call 'deprecatedMethod'.","MATCH (caller:Method)-[:CALLS]->(callee:Method {name: 'deprecatedMethod'}) RETURN caller.name;"
"List all classes that have more than 3 constructors.","MATCH (c:Class)-[:HAS_METHOD]->(m) WHERE c.name = m.name WITH c, count(m) as constructorCount WHERE constructorCount > 3 RETURN c.name, constructorCount;"
"Find all methods inside an 'Anonymous Inner Class'.","MATCH (m:Method) WHERE m.signature CONTAINS '$' RETURN m.name, m.signature;"
"Show me the chain of inheritance for 'MySpecificClass'.","MATCH p=(c:Class {name: 'MySpecificClass'})-[:EXTENDS*]->(parent:Class) RETURN p;"
"Which classes are not used at all (no fields accessed, no methods called)?","MATCH (c:Class) WHERE NOT (c)-[:HAS_FIELD]->()<-[]-() AND NOT (c)-[:HAS_METHOD]->()<-[:CALLS]-() RETURN c.name;"
"Get all methods that return a 'Future' or 'CompletableFuture'.","MATCH (m:Method) WHERE m.signature CONTAINS 'Future<' OR m.signature CONTAINS 'CompletableFuture<' RETURN m.signature;"
"List all methods that create a new thread.","MATCH (m:Method)-[:CALLS]->(callee) WHERE callee.signature CONTAINS 'new Thread' RETURN m.name;"
"Find all methods using 'System.out.println'.","MATCH (m:Method)-[:CALLS]->(callee) WHERE callee.signature = 'System.out.println(String)' RETURN m.name;"
"Show me all the 'Controller' classes that don't have corresponding 'Service' classes.","MATCH (c:Class) WHERE c.name ENDS WITH 'Controller' AND NOT EXISTS { MATCH (s:Class {name: substring(c.name, 0, size(c.name)-10) + 'Service'}) } RETURN c.name;"
"Which methods have a parameter of their own class type?","MATCH (c:Class)-[:HAS_METHOD]->(m)-[:HAS_PARAMETER]->(c) RETURN c.name, m.signature;"
"Get all methods in 'com.myapp.api' that don't return a DTO object.","MATCH (p:Package {name:'com.myapp.api'})-[:CONTAINS]->(c:Class)-[:HAS_METHOD]->(m) WHERE NOT m.signature ENDS WITH 'DTO' RETURN m.signature;"
"List all classes that are both 'abstract' and implement an interface.","MATCH (c:Class)-[:IMPLEMENTS_INTERFACE]->() WHERE c.signature CONTAINS 'abstract class' RETURN c.name;"
"Find all methods that are part of a 'Factory' pattern.","MATCH (c:Class)-[:HAS_METHOD]->(m) WHERE c.name ENDS WITH 'Factory' AND m.name STARTS WITH 'create' RETURN c.name, m.name;"
"Show me all 'Exception' classes defined in the project.","MATCH (c:Class) WHERE c.extension ENDS WITH 'Exception' RETURN c.name;"
"Which methods handle exceptions (have a try-catch block)?","MATCH (m:Method) WHERE m.code CONTAINS 'catch (' RETURN m.name, m.signature;"
"Get all methods that call 'super()'.","MATCH (m:Method) WHERE m.code CONTAINS 'super()' RETURN m.name;"
"List all singleton classes. (Heuristic: private constructor and a static 'getInstance' method)","MATCH (c:Class)-[:HAS_METHOD]->(m1:Method), (c)-[:HAS_METHOD]->(m2:Method) WHERE m1.name = c.name AND m1.signature STARTS WITH 'private' AND m2.name = 'getInstance' AND m2.signature CONTAINS 'static' RETURN c.name;"
"Find all methods with more than 20 lines of code. (Heuristic)","MATCH (m:Method) WHERE size(split(m.code, '\n')) > 20 RETURN m.name;"
"Show me all methods in test files.","MATCH (f:File)-[:CONTAINS_TYPE]->(c:Class)-[:HAS_METHOD]->(m) WHERE f.path CONTAINS 'Test.java' RETURN m.signature;"
"Which classes have a one-to-one relationship with another class? (e.g., User and UserProfile)","MATCH (c1:Class)-[:HAS_FIELD]->(f:Field {type: c2.name}), (c2:Class)-[:HAS_FIELD]->(f2:Field {type: c1.name}) RETURN c1.name, c2.name;"
"Get all methods that are synchronized on 'this'.","MATCH (m:Method) WHERE m.code CONTAINS 'synchronized (this)' RETURN m.name;"
"List all methods that use lambda expressions.","MATCH (m:Method) WHERE m.code CONTAINS '->' RETURN m.name, m.signature;"
"Find all 'Helper' classes and list their public methods.","MATCH (c:Class)-[:HAS_METHOD]->(m) WHERE c.name ENDS WITH 'Helper' AND m.signature STARTS WITH 'public' RETURN c.name, m.signature;"
"Show me the top 5 largest classes by number of lines of code. (Heuristic)","MATCH (c:Class)-[:HAS_METHOD]->(m) WITH c, sum(size(split(m.code, '\n'))) as lines RETURN c.name, lines ORDER BY lines DESC LIMIT 5;"
"Which classes are located in a sub-package of 'com.myapp'?","MATCH (p:Package) WHERE p.name STARTS WITH 'com.myapp.' RETURN p.name;"
"Get all methods that return a 'Collection' type.","MATCH (m:Method) WHERE m.signature CONTAINS 'Collection<' RETURN m.signature;"
"List all methods that are not 'private' inside a 'Util' class.","MATCH (c:Class)-[:HAS_METHOD]->(m) WHERE c.name ENDS WITH 'Util' AND NOT m.signature STARTS WITH 'private' RETURN m.signature;"
"Find all classes that have a 'main' method.","MATCH (c:Class)-[:HAS_METHOD]->(m:Method {signature: 'public static void main(String[] args)'}) RETURN c.name;"
"Show me all classes that are neither 'public' nor 'final'.","MATCH (c:Class) WHERE NOT c.signature CONTAINS 'public' AND NOT c.signature CONTAINS 'final' RETURN c.name;"
"Which methods call 'clone()'?","MATCH (caller:Method)-[:CALLS]->(:Method {name: 'clone'}) RETURN caller.signature;"
"Get all methods that are part of a 'Builder' pattern.","MATCH (c:Class)-[:HAS_METHOD]->(m) WHERE c.name ENDS WITH 'Builder' RETURN c.name, m.name;"
"List all classes that have a 'volatile' field.","MATCH (c:Class)-[:HAS_FIELD]->(f:Field) WHERE f.signature CONTAINS 'volatile' RETURN c.name, f.name;"
"Find all methods that use 'instanceof'.","MATCH (m:Method) WHERE m.code CONTAINS 'instanceof' RETURN m.name;"
"Show me the top 5 most complex methods (most outgoing calls).","MATCH (m:Method)-[r:CALLS]->() WITH m, count(r) as callCount RETURN m.name, callCount ORDER BY callCount DESC LIMIT 5;"
"Which classes are in both 'com.a' and 'com.b' packages (error condition)?","MATCH (p1:Package {name:'com.a'})-[:CONTAINS]->(c), (p2:Package {name:'com.b'})-[:CONTAINS]->(c) RETURN c.name;"
"Get all methods that return 'void' and are not test methods.","MATCH (m:Method) WHERE m.signature CONTAINS ' void ' AND NOT m.name STARTS WITH 'test' RETURN m.signature;"
"List all 'Exception' classes that are not 'RuntimeException'.","MATCH (c:Class) WHERE c.name ENDS WITH 'Exception' AND c.extension <> 'RuntimeException' RETURN c.name;"
"Find all methods that have a raw type generic parameter (e.g. List instead of List<String>).","MATCH (m:Method) WHERE (m.signature CONTAINS 'List ' OR m.signature CONTAINS 'Map ' OR m.signature CONTAINS 'Set ') AND NOT m.signature CONTAINS '<' RETURN m.signature;"
"Show me all methods with more outgoing calls than lines of code.","MATCH (m:Method)-[r:CALLS]->() WITH m, count(r) as callCount, size(split(m.code, '\n')) as lines WHERE callCount > lines RETURN m.name, callCount, lines;"
"Which methods call at least 3 other methods?","MATCH (m:Method)-[r:CALLS]->() WITH m, count(r) as callCount WHERE callCount >= 3 RETURN m.name, callCount;"
"Get all methods that belong to an interface in package 'com.api'.","MATCH (:Package {name:'com.api'})-[:CONTAINS]->(i:Interface)-[:HAS_METHOD]->(m) RETURN i.name, m.signature;"
"List all classes that have a field of their own type.","MATCH (c:Class)-[:HAS_FIELD]->(f:Field {type: c.name}) RETURN c.name;"
"Find all methods that call 'log.warn' or 'log.error'.","MATCH (m:Method)-[:CALLS]->(callee) WHERE callee.signature CONTAINS 'log.warn' OR callee.signature CONTAINS 'log.error' RETURN m.name;"
"Show me the class with the longest name.","MATCH (c:Class) RETURN c.name ORDER BY size(c.name) DESC LIMIT 1;"
"Which methods are in a class annotated with '@RestController'?","MATCH (c:Class)-[:HAS_METHOD]->(m) WHERE c.code CONTAINS '@RestController' RETURN c.name, m.signature;"
"Get all methods that are annotated with '@GetMapping'.","MATCH (m:Method) WHERE m.code CONTAINS '@GetMapping' RETURN m.signature;"
"List all classes that are Spring Beans (@Component, @Service, @Repository, @Controller).","MATCH (c:Class) WHERE c.code CONTAINS '@Component' OR c.code CONTAINS '@Service' OR c.code CONTAINS '@Repository' OR c.code CONTAINS '@Controller' RETURN c.name;"
"Find all methods that use '@Autowired'.","MATCH (m:Method) WHERE m.code CONTAINS '@Autowired' RETURN m.signature;"
"Show me all methods mapped to the '/api/users' endpoint.","MATCH (m:Method) WHERE m.code CONTAINS '(\"/api/users\")' RETURN m.signature;"
"Which 'Service' classes are not being used by any 'Controller'?","MATCH (s:Class) WHERE s.name ENDS WITH 'Service' AND NOT ()-[:CALLS]->()<-[:HAS_METHOD]-(s)<-[:HAS_METHOD]-(:Class) WHERE c.name ENDS WITH 'Controller' RETURN s.name;"
"Get all methods annotated with '@PostMapping'.","MATCH (m:Method) WHERE m.code CONTAINS '@PostMapping' RETURN m.signature;"
"List all methods that take 'HttpServletRequest' as a parameter.","MATCH (m:Method) WHERE m.signature CONTAINS '(HttpServletRequest' RETURN m.signature;"
"Find all Spring configuration classes (annotated with '@Configuration').","MATCH (c:Class) WHERE c.code CONTAINS '@Configuration' RETURN c.name;"
"Show me all methods that define a '@Bean'.","MATCH (m:Method) WHERE m.code CONTAINS '@Bean' RETURN m.signature;"
"Which classes use '@Value' annotation?","MATCH (c:Class) WHERE c.code CONTAINS '@Value' RETURN c.name;"
"Get all methods annotated with '@PutMapping' or '@DeleteMapping'.","MATCH (m:Method) WHERE m.code CONTAINS '@PutMapping' OR m.code CONTAINS '@DeleteMapping' RETURN m.signature;"
"List all methods that handle a 'PathVariable'.","MATCH (m:Method) WHERE m.code CONTAINS '@PathVariable' RETURN m.signature;"
"Find all JPA entities (annotated with '@Entity').","MATCH (c:Class) WHERE c.code CONTAINS '@Entity' RETURN c.name;"
"Show me all fields annotated with '@Id' in JPA entities.","MATCH (c:Class)-[:HAS_FIELD]->(f) WHERE c.code CONTAINS '@Entity' AND f.code CONTAINS '@Id' RETURN c.name, f.name;"
"Which classes are JPA Repositories?","MATCH (i:Interface) WHERE i.extension = 'JpaRepository' OR i.extension = 'CrudRepository' RETURN i.name;"
"Get all methods that use '@Query' annotation.","MATCH (m:Method) WHERE m.code CONTAINS '@Query' RETURN m.signature;"
"List all fields with a '@OneToMany' relationship.","MATCH (c:Class)-[:HAS_FIELD]->(f) WHERE f.code CONTAINS '@OneToMany' RETURN c.name, f.name;"
"Find all fields with '@ManyToOne' or '@OneToOne' relationships.","MATCH (c:Class)-[:HAS_FIELD]->(f) WHERE f.code CONTAINS '@ManyToOne' OR f.code CONTAINS '@OneToOne' RETURN c.name, f.name;"
"Show me all fields of an '@Embeddable' class.","MATCH (c:Class)-[:HAS_FIELD]->(f) WHERE c.code CONTAINS '@Embeddable' RETURN c.name, f.name;"
"Which entities have a '@Version' field for optimistic locking?","MATCH (c:Class)-[:HAS_FIELD]->(f) WHERE c.code CONTAINS '@Entity' AND f.code CONTAINS '@Version' RETURN c.name;"
"Get all methods inside a class annotated with '@Transactional'.","MATCH (c:Class)-[:HAS_METHOD]->(m) WHERE c.code CONTAINS '@Transactional' RETURN c.name, m.signature;"
"List all fields that are marked as 'transient'.","MATCH (c:Class)-[:HAS_FIELD]->(f) WHERE f.signature CONTAINS 'transient' RETURN c.name, f.name;"
"Find all classes in 'com.myapp.domain'.","MATCH (p:Package {name: 'com.myapp.domain'})-[:CONTAINS]->(c:Class) RETURN c.name;"
"Show me the methods of 'MyEntity'.","MATCH (c:Class {name: 'MyEntity'})-[:HAS_METHOD]->(m) RETURN m.signature;"
"What are the fields for the 'AuditLog' entity?","MATCH (:Class {name: 'AuditLog'})-[:HAS_FIELD]->(f:Field) RETURN f.name;"
"List repository interfaces in the 'com.myapp.repo' package.","MATCH (p:Package {name: 'com.myapp.repo'})-[:CONTAINS]->(i:Interface) RETURN i.name;"
"Get the method signature for 'findByStatus' in 'OrderRepository'.","MATCH (:Interface {name: 'OrderRepository'})-[:HAS_METHOD]->(m:Method {name: 'findByStatus'}) RETURN m.signature;"
"Which entities have a field of type 'Date'?","MATCH (c:Class)-[:HAS_FIELD]->(f:Field {type: 'Date'}) WHERE c.code CONTAINS '@Entity' RETURN c.name;"
"Find all methods that use 'entityManager.persist'.","MATCH (m:Method)-[:CALLS]->(callee) WHERE callee.signature CONTAINS 'entityManager.persist' RETURN m.name;"
"Count the number of entities in the project.","MATCH (c:Class) WHERE c.code CONTAINS '@Entity' RETURN count(c);"
"Show me all the repository methods that return a 'Page'.","MATCH (i:Interface)-[:HAS_METHOD]->(m) WHERE (i.extension = 'PagingAndSortingRepository' OR i.name ENDS WITH 'Repository') AND m.signature CONTAINS 'Page<' RETURN i.name, m.signature;"
"List all fields that have a '@Column' annotation.","MATCH (c:Class)-[:HAS_FIELD]->(f) WHERE f.code CONTAINS '@Column' RETURN c.name, f.name;"
"Find all 'RestController' classes.","MATCH (c:Class) WHERE c.code CONTAINS '@RestController' RETURN c.name;"
"Show me all 'GET' endpoints.","MATCH (m:Method) WHERE m.code CONTAINS '@GetMapping' RETURN m.signature;"
"List all methods that produce 'application/json'.","MATCH (m:Method) WHERE m.code CONTAINS 'produces = \"application/json\"' RETURN m.signature;"
"Find all methods that consume 'application/xml'.","MATCH (m:Method) WHERE m.code CONTAINS 'consumes = \"application/xml\"' RETURN m.signature;"
"Which controller methods return a 'String'?","MATCH (c:Class)-[:HAS_METHOD]->(m) WHERE c.code CONTAINS '@Controller' AND m.signature ENDS WITH 'String' RETURN c.name, m.signature;"
"Get all methods that use '@RequestParam'.","MATCH (m:Method) WHERE m.code CONTAINS '@RequestParam' RETURN m.signature;"
"List all methods in 'UserApiController'.","MATCH (:Class {name:'UserApiController'})-[:HAS_METHOD]->(m) RETURN m.signature;"
"Find all endpoints under '/admin'.","MATCH (m:Method) WHERE m.code CONTAINS '(\"/admin' RETURN m.signature;"
"Show me all methods that use '@RequestBody'.","MATCH (m:Method) WHERE m.code CONTAINS '@RequestBody' RETURN m.signature;"
"Which methods in controllers are not mapped to an endpoint?","MATCH (c:Class)-[:HAS_METHOD]->(m) WHERE c.code CONTAINS '@RestController' AND NOT (m.code CONTAINS '@GetMapping' OR m.code CONTAINS '@PostMapping' OR m.code CONTAINS '@PutMapping' OR m.code CONTAINS '@DeleteMapping') RETURN c.name, m.signature;"
"Get all 'POST' endpoints that take a 'UserDto' object.","MATCH (m:Method) WHERE m.code CONTAINS '@PostMapping' AND m.signature CONTAINS '(UserDto' RETURN m.signature;"
"List all methods that return 'ModelAndView'.","MATCH (m:Method) WHERE m.signature ENDS WITH 'ModelAndView' RETURN m.signature;"
"Find all classes annotated with '@ControllerAdvice'.","MATCH (c:Class) WHERE c.code CONTAINS '@ControllerAdvice' RETURN c.name;"
"Show me all methods annotated with '@ExceptionHandler'.","MATCH (m:Method) WHERE m.code CONTAINS '@ExceptionHandler' RETURN m.signature;"
"Which controller methods have no parameters?","MATCH (c:Class)-[:HAS_METHOD]->(m) WHERE c.code CONTAINS '@RestController' AND m.signature ENDS WITH '()' RETURN c.name, m.signature;"
"Get all endpoints that use a regex in their path mapping.","MATCH (m:Method) WHERE m.code CONTAINS 'path = ' AND m.code CONTAINS ':' RETURN m.signature;"
"List all methods that return a raw 'HttpServletResponse'.","MATCH (m:Method) WHERE m.signature ENDS WITH 'HttpServletResponse' RETURN m.signature;"
"Find all 'Filter' classes.","MATCH (c:Class) WHERE c.extension = 'Filter' OR c.name ENDS WITH 'Filter' RETURN c.name;"
"Show me all methods in a 'OncePerRequestFilter'.","MATCH (c:Class)-[:HAS_METHOD]->(m) WHERE c.extension = 'OncePerRequestFilter' RETURN c.name, m.signature;"
"Which classes use 'SecurityContextHolder'?","MATCH (c:Class)-[:HAS_METHOD]->(m) WHERE m.code CONTAINS 'SecurityContextHolder' RETURN DISTINCT c.name;"
"Get all methods that have the '@PreAuthorize' annotation.","MATCH (m:Method) WHERE m.code CONTAINS '@PreAuthorize' RETURN m.signature;"
"List all methods related to security configuration.","MATCH (c:Class {name: 'WebSecurityConfig'})-[:HAS_METHOD]->(m) RETURN m.signature;"
"Find all usages of 'passwordEncoder.encode'.","MATCH (m:Method)-[:CALLS]->(callee) WHERE callee.signature CONTAINS 'passwordEncoder.encode' RETURN m.name;"
"Show me all methods that permit all access.","MATCH (m:Method) WHERE m.code CONTAINS '.permitAll()' RETURN m.signature;"
"Which methods require 'ROLE_ADMIN'?","MATCH (m:Method) WHERE m.code CONTAINS 'hasRole(\"ADMIN\")' OR m.code CONTAINS 'hasAuthority(\"ROLE_ADMIN\")' RETURN m.signature;"
"Get all methods that are part of the form login configuration.","MATCH (m:Method) WHERE m.code CONTAINS '.formLogin()' RETURN m.name;"
"List all classes that extend 'WebSecurityConfigurerAdapter'.","MATCH (c:Class {extension: 'WebSecurityConfigurerAdapter'}) RETURN c.name;"
"Find all methods that configure CORS.","MATCH (m:Method) WHERE m.name = 'cors' OR m.name = 'configureCors' RETURN m.signature;"
"Show me the configuration for CSRF protection.","MATCH (m:Method) WHERE m.code CONTAINS '.csrf()' RETURN m.name, m.code;"
"Which methods are involved in JWT token validation?","MATCH (m:Method) WHERE m.name CONTAINS 'validate' AND m.name CONTAINS 'Token' RETURN m.name;"
"Get all methods that access the 'Authentication' principal.","MATCH (m:Method) WHERE m.signature CONTAINS '(Authentication' RETURN m.signature;"
"List all classes in the 'com.myapp.security.jwt' package.","MATCH (p:Package {name:'com.myapp.security.jwt'})-[:CONTAINS]->(c) RETURN c.name;"
"Find all methods that create a 'UsernamePasswordAuthenticationToken'.","MATCH (m:Method)-[:CALLS]->(callee) WHERE callee.signature CONTAINS 'new UsernamePasswordAuthenticationToken' RETURN m.name;"
"Show me the 'UserDetailsService' implementation.","MATCH (c:Class)-[:IMPLEMENTS_INTERFACE]->(i:Interface {name: 'UserDetailsService'}) RETURN c.name;"
"Which methods call 'loadUserByUsername'?","MATCH (caller:Method)-[:CALLS]->(:Method {name: 'loadUserByUsername'}) RETURN caller.signature;"
"Get all methods related to session management.","MATCH (m:Method) WHERE m.code CONTAINS '.sessionManagement()' RETURN m.name;"
"List all classes that handle 'OAuth2'.","MATCH (c:Class) WHERE c.name CONTAINS 'OAuth2' RETURN c.name;"
"Find all methods in 'MybatisMapper' interfaces.","MATCH (i:Interface) WHERE i.code CONTAINS '@Mapper' RETURN i.name;"
"Show me all methods using '@Select' annotation.","MATCH (m:Method) WHERE m.code CONTAINS '@Select' RETURN m.signature;"
"List all methods using '@Insert' or '@Update' or '@Delete'.","MATCH (m:Method) WHERE m.code CONTAINS '@Insert' OR m.code CONTAINS '@Update' OR m.code CONTAINS '@Delete' RETURN m.signature;"
"Find all XML mapper files.","MATCH (f:File) WHERE f.path ENDS WITH '.xml' AND f.code CONTAINS '<mapper>' RETURN f.path;"
"Which methods use a 'SqlSession'?","MATCH (m:Method) WHERE m.signature CONTAINS '(SqlSession' RETURN m.name;"
"Get all SQL queries defined in 'UserMapper'.","MATCH (i:Interface {name: 'UserMapper'})-[:HAS_METHOD]->(m) WHERE m.code CONTAINS '@Select' RETURN m.code;"
"List all methods that take a 'Map' as a parameter.","MATCH (m:Method) WHERE m.signature CONTAINS '(Map' RETURN m.signature;"
"Find all mappers in the 'com.myapp.mapper' package.","MATCH (p:Package {name: 'com.myapp.mapper'})-[:CONTAINS]->(i:Interface) WHERE i.code CONTAINS '@Mapper' RETURN i.name;"
"Show me the methods that use result maps.","MATCH (m:Method) WHERE m.code CONTAINS '@ResultMap' RETURN m.signature;"
"Which mappers have a method named 'selectByPrimaryKey'?","MATCH (i:Interface)-[:HAS_METHOD]->(m:Method {name: 'selectByPrimaryKey'}) WHERE i.code CONTAINS '@Mapper' RETURN i.name;"
"Get all methods using dynamic SQL tags like '<if>' or '<foreach>'.","MATCH (f:File)-[:DEFINES_QUERY_FOR]->(m) WHERE f.path ENDS WITH '.xml' AND (f.code CONTAINS '<if' OR f.code CONTAINS '<foreach>') RETURN m.name;"
"List all mapper methods that return a 'List'.","MATCH (i:Interface)-[:HAS_METHOD]->(m) WHERE i.code CONTAINS '@Mapper' AND m.signature CONTAINS 'List<' RETURN m.signature;"
"Find all mappers that interact with the 'ORDERS' table.","MATCH (m:Method) WHERE (m.code CONTAINS 'FROM ORDERS' OR m.code CONTAINS 'INTO ORDERS' OR m.code CONTAINS 'UPDATE ORDERS') RETURN m.signature;"
"Show me the 'typeAliases' defined in mybatis config.","MATCH (f:File) WHERE f.path ENDS WITH 'mybatis-config.xml' AND f.code CONTAINS '<typeAliases>' RETURN f.code;"
"Which methods call a stored procedure?","MATCH (m:Method) WHERE m.code CONTAINS 'statementType=CALLABLE' RETURN m.signature;"
"Get all methods that use a 'Param' annotation.","MATCH (m:Method) WHERE m.code CONTAINS '@Param' RETURN m.signature;"
"List all classes that are singletons.","MATCH (c:Class) WHERE c.code CONTAINS '@Singleton' or c.name ENDS WITH 'Singleton' RETURN c.name;"
"Find all classes using dependency injection.","MATCH (c:Class) WHERE c.code CONTAINS '@Inject' or c.code CONTAINS '@Autowired' RETURN c.name;"
"Show me all 'EJB' session beans.","MATCH (c:Class) WHERE c.code CONTAINS '@Stateless' or c.code CONTAINS '@Stateful' RETURN c.name;"
"Which classes are message-driven beans?","MATCH (c:Class) WHERE c.code CONTAINS '@MessageDriven' RETURN c.name;"
"Get all methods with '@Asynchronous' execution.","MATCH (m:Method) WHERE m.code CONTAINS '@Asynchronous' RETURN m.signature;"
"List all remote interfaces.","MATCH (i:Interface) WHERE i.code CONTAINS '@Remote' RETURN i.name;"
"Find all classes that use 'JNDI' lookups.","MATCH (c:Class)-[:HAS_METHOD]->(m) WHERE m.code CONTAINS 'InitialContext' RETURN c.name;"
"Show me all 'Servlet' classes.","MATCH (c:Class) WHERE c.extension = 'HttpServlet' RETURN c.name;"
"Which classes are 'ServletFilters'?","MATCH (c:Class) WHERE c.code CONTAINS '@WebFilter' or c.name ENDS WITH 'Filter' RETURN c.name;"
"Get all methods that handle 'doGet' or 'doPost' requests.","MATCH (m:Method) WHERE m.name = 'doGet' or m.name = 'doPost' RETURN m.signature;"
"List all classes that use 'HttpSession'.","MATCH (c:Class)-[:HAS_METHOD]->(m) WHERE m.signature CONTAINS '(HttpSession' RETURN DISTINCT c.name;"
"Find all JSP files.","MATCH (f:File) WHERE f.path ENDS WITH '.jsp' RETURN f.path;"
"Show me all 'web.xml' deployment descriptors.","MATCH (f:File {path:'web.xml'}) RETURN f.path, f.code;"
"Which classes are registered as listeners in web.xml?","MATCH (f:File {path:'web.xml'}) WHERE f.code CONTAINS '<listener-class>' RETURN f.code;"
"Get all servlet mappings from web.xml.","MATCH (f:File {path:'web.xml'}) WHERE f.code CONTAINS '<servlet-mapping>' RETURN f.code;"
"List all 'JSF' managed beans.","MATCH (c:Class) WHERE c.code CONTAINS '@ManagedBean' RETURN c.name;"
"Find all 'faces-config.xml' files.","MATCH (f:File {path: 'faces-config.xml'}) RETURN f.path, f.code;"
"Show me the navigation rules from faces-config.","MATCH (f:File {path: 'faces-config.xml'}) WHERE f.code CONTAINS '<navigation-rule>' RETURN f.code;"
"Which classes use 'FacesContext'?","MATCH (c:Class)-[:HAS_METHOD]->(m) WHERE m.code CONTAINS 'FacesContext.getCurrentInstance()' RETURN DISTINCT c.name;"
"Get all methods that return a 'String' for navigation outcomes.","MATCH (c:Class)-[:HAS_METHOD]->(m) WHERE c.code CONTAINS '@ManagedBean' AND m.signature ENDS WITH 'String' RETURN m.signature;"
"List all `.xhtml` files.","MATCH (f:File) WHERE f.path ENDS WITH '.xhtml' RETURN f.path;"
"Find all PrimeFaces components used.","MATCH (f:File) WHERE f.path ENDS WITH '.xhtml' AND f.code CONTAINS '<p:' RETURN f.path, f.code;"
"Show me the backing bean for 'login.xhtml'.","MATCH (f:File {path: 'login.xhtml'}) WHERE f.code CONTAINS 'bean.login' RETURN 'LoginBean';"
"Which methods are action listeners?","MATCH (m:Method) WHERE m.signature CONTAINS '(ActionEvent' RETURN m.signature;"
"Get all value change listener methods.","MATCH (m:Method) WHERE m.signature CONTAINS '(ValueChangeEvent' RETURN m.signature;"
"List all JSF converters.","MATCH (c:Class) WHERE c.code CONTAINS '@FacesConverter' RETURN c.name;"
"Find all JSF validators.","MATCH (c:Class) WHERE c.code CONTAINS '@FacesValidator' RETURN c.name;"
"Show me the beans defined in 'applicationContext.xml'.","MATCH (f:File {path: 'applicationContext.xml'}) WHERE f.code CONTAINS '<bean id=' RETURN f.code;"
"Which classes have 'init-method' or 'destroy-method' defined in XML?","MATCH (f:File {path: 'applicationContext.xml'}) WHERE f.code CONTAINS 'init-method' OR f.code CONTAINS 'destroy-method' RETURN f.code;"
"Get all beans with 'singleton' scope.","MATCH (f:File {path: 'applicationContext.xml'}) WHERE f.code CONTAINS 'scope=\"singleton\"' RETURN f.code;"
"List all beans with 'prototype' or 'request' scope.","MATCH (f:File {path: 'applicationContext.xml'}) WHERE f.code CONTAINS 'scope=\"prototype\"' OR f.code CONTAINS 'scope=\"request\"' RETURN f.code;"
"Find all AOP advice defined in XML.","MATCH (f:File {path: 'applicationContext.xml'}) WHERE f.code CONTAINS '<aop:advisor>' OR f.code CONTAINS '<aop:aspect>' RETURN f.code;"
"Show me the pointcut expressions from XML config.","MATCH (f:File {path: 'applicationContext.xml'}) WHERE f.code CONTAINS 'pointcut expression=' RETURN f.code;"
"Which beans are wired using constructor arguments in XML?","MATCH (f:File {path: 'applicationContext.xml'}) WHERE f.code CONTAINS '<constructor-arg>' RETURN f.code;"
"Get all beans that have a 'p-namespace' property set.","MATCH (f:File {path: 'applicationContext.xml'}) WHERE f.code CONTAINS 'p:' RETURN f.code;"
"List all 'hibernate.cfg.xml' files.","MATCH (f:File {path: 'hibernate.cfg.xml'}) RETURN f.path;"
"Find all Hibernate mapping files (*.hbm.xml).","MATCH (f:File) WHERE f.path ENDS WITH '.hbm.xml' RETURN f.path;"
"Show me the properties from hibernate config.","MATCH (f:File {path: 'hibernate.cfg.xml'}) WHERE f.code CONTAINS '<property name=' RETURN f.code;"
"Which classes are mapped in hibernate.cfg.xml?","MATCH (f:File {path: 'hibernate.cfg.xml'}) WHERE f.code CONTAINS '<mapping class=' RETURN f.code;"
"Get all HQL queries from the code.","MATCH (m:Method) WHERE m.code CONTAINS 'session.createQuery' RETURN m.code;"
"List all classes that use 'SessionFactory'.","MATCH (c:Class)-[:HAS_METHOD]->(m) WHERE m.code CONTAINS 'sessionFactory.openSession()' RETURN DISTINCT c.name;"
"Find all Hibernate entities from hbm files.","MATCH (f:File) WHERE f.path ENDS WITH '.hbm.xml' AND f.code CONTAINS '<class name=' RETURN f.path, f.code;"
"Show me the primary key mapping for the 'User' entity.","MATCH (f:File) WHERE f.path ENDS WITH 'User.hbm.xml' AND f.code CONTAINS '<id name=' RETURN f.code;"
"Which entities have a 'one-to-many' relationship defined in XML?","MATCH (f:File) WHERE f.path ENDS WITH '.hbm.xml' AND f.code CONTAINS '<one-to-many' RETURN f.path;"
"Get all entities with a version property for optimistic locking.","MATCH (f:File) WHERE f.path ENDS WITH '.hbm.xml' AND f.code CONTAINS '<version name=' RETURN f.path;"
"List all named queries from hbm files.","MATCH (f:File) WHERE f.path ENDS WITH '.hbm.xml' AND f.code CONTAINS '<query name=' RETURN f.code;"
"Find all entities using a custom 'UserType'.","MATCH (f:File) WHERE f.path ENDS WITH '.hbm.xml' AND f.code CONTAINS 'type=\"UserType\"' RETURN f.path;"
"Show me all Struts action classes.","MATCH (c:Class) WHERE c.extension = 'ActionSupport' RETURN c.name;"
"Find all 'struts.xml' files.","MATCH (f:File {path: 'struts.xml'}) RETURN f.path, f.code;"
"Which classes are defined as actions in struts.xml?","MATCH (f:File {path: 'struts.xml'}) WHERE f.code CONTAINS '<action name=' RETURN f.code;"
"Get the result mappings for the 'login' action.","MATCH (f:File {path: 'struts.xml'}) WHERE f.code CONTAINS 'name=\"login\"' AND f.code CONTAINS '<result name=' RETURN f.code;"
"List all Struts interceptors.","MATCH (f:File {path: 'struts.xml'}) WHERE f.code CONTAINS '<interceptor name=' RETURN f.code;"
"Find all action classes in the 'com.myapp.action' package.","MATCH (p:Package {name: 'com.myapp.action'})-[:CONTAINS]->(c:Class) WHERE c.extension = 'ActionSupport' RETURN c.name;"
"Show me the 'execute' method of 'LoginAction'.","MATCH (c:Class {name: 'LoginAction'})-[:HAS_METHOD]->(m:Method {name: 'execute'}) RETURN m.code;"
"Which actions have a 'wildcard' mapping?","MATCH (f:File {path: 'struts.xml'}) WHERE f.code CONTAINS '<action name=\"*\"' RETURN f.code;"
"Get all global results from struts.xml.","MATCH (f:File {path: 'struts.xml'}) WHERE f.code CONTAINS '<global-results>' RETURN f.code;"
"List all Struts form beans.","MATCH (c:Class) WHERE c.extension = 'ActionForm' RETURN c.name;"
"Find all 'ActionForward' objects created.","MATCH (m:Method) WHERE m.code CONTAINS 'new ActionForward' RETURN m.name;"
"Show me the validation rules from 'validation.xml'.","MATCH (f:File {path: 'validation.xml'}) RETURN f.code;"
"Which actions use the 'validation' interceptor?","MATCH (f:File {path: 'struts.xml'}) WHERE f.code CONTAINS '<interceptor-ref name=\"validation\"' RETURN f.code;"
"Get all Ant build files.","MATCH (f:File {path: 'build.xml'}) RETURN f.path;"
"List all targets in the 'build.xml' file.","MATCH (f:File {path: 'build.xml'}) WHERE f.code CONTAINS '<target name=' RETURN f.code;"
"Show me the 'compile' target.","MATCH (f:File {path: 'build.xml'}) WHERE f.code CONTAINS '<target name=\"compile\"' RETURN f.code;"
"What is the classpath used for compilation?","MATCH (f:File {path: 'build.xml'}) WHERE f.code CONTAINS '<classpath>' RETURN f.code;"
"Which taskdefs are defined?","MATCH (f:File {path: 'build.xml'}) WHERE f.code CONTAINS '<taskdef' RETURN f.code;"
"Get all 'javac' tasks.","MATCH (f:File {path: 'build.xml'}) WHERE f.code CONTAINS '<javac' RETURN f.code;"
"List all 'jar' or 'war' tasks.","MATCH (f:File {path: 'build.xml'}) WHERE f.code CONTAINS '<jar' OR f.code CONTAINS '<war' RETURN f.code;"
"Show me the properties defined in the build file.","MATCH (f:File {path: 'build.xml'}) WHERE f.code CONTAINS '<property name=' RETURN f.code;"
"What does the 'clean' target do?","MATCH (f:File {path: 'build.xml'}) WHERE f.code CONTAINS '<target name=\"clean\"' RETURN f.code;"
"Find all filesets defined.","MATCH (f:File {path: 'build.xml'}) WHERE f.code CONTAINS '<fileset' RETURN f.code;"
"Get all Maven POM files.","MATCH (f:File {path: 'pom.xml'}) RETURN f.path;"
"List all dependencies from pom.xml.","MATCH (f:File {path: 'pom.xml'}) WHERE f.code CONTAINS '<dependency>' RETURN f.code;"
"Show me the plugins used in the build.","MATCH (f:File {path: 'pom.xml'}) WHERE f.code CONTAINS '<plugin>' RETURN f.code;"
"What is the groupId and artifactId of this project?","MATCH (f:File {path: 'pom.xml'}) WHERE f.code CONTAINS '<groupId>' OR f.code CONTAINS '<artifactId>' RETURN f.code;"
"Which profiles are defined in pom.xml?","MATCH (f:File {path: 'pom.xml'}) WHERE f.code CONTAINS '<profile>' RETURN f.code;"
"Get all dependencies with 'test' scope.","MATCH (f:File {path: 'pom.xml'}) WHERE f.code CONTAINS '<scope>test</scope>' RETURN f.code;"
"List all repositories defined.","MATCH (f:File {path: 'pom.xml'}) WHERE f.code CONTAINS '<repository>' RETURN f.code;"
"Show me the 'build' section of the pom.","MATCH (f:File {path: 'pom.xml'}) WHERE f.code CONTAINS '<build>' RETURN f.code;"
"What is the parent pom of this project?","MATCH (f:File {path: 'pom.xml'}) WHERE f.code CONTAINS '<parent>' RETURN f.code;"
"Find all properties defined in the pom.","MATCH (f:File {path: 'pom.xml'}) WHERE f.code CONTAINS '<properties>' RETURN f.code;"
"Get all Gradle build files.","MATCH (f:File {path: 'build.gradle'}) RETURN f.path;"
"List all dependencies from build.gradle.","MATCH (f:File {path: 'build.gradle'}) WHERE f.code CONTAINS 'implementation ' OR f.code CONTAINS 'testImplementation ' RETURN f.code;"
"Show me the plugins applied in the build.","MATCH (f:File {path: 'build.gradle'}) WHERE f.code CONTAINS 'plugins {' RETURN f.code;"
"What is the group and version of this project?","MATCH (f:File {path: 'build.gradle'}) WHERE f.code CONTAINS 'group = ' OR f.code CONTAINS 'version = ' RETURN f.code;"
"Which tasks are defined in build.gradle?","MATCH (f:File {path: 'build.gradle'}) WHERE f.code CONTAINS 'task ' RETURN f.code;"
"Get all dependencies from the 'api' configuration.","MATCH (f:File {path: 'build.gradle'}) WHERE f.code CONTAINS 'api ' RETURN f.code;"
"List all repositories defined in build.gradle.","MATCH (f:File {path: 'build.gradle'}) WHERE f.code CONTAINS 'repositories {' RETURN f.code;"
"Show me the 'sourceSets' configuration.","MATCH (f:File {path: 'build.gradle'}) WHERE f.code CONTAINS 'sourceSets {' RETURN f.code;"
"What is the java version used by the project?","MATCH (f:File {path: 'build.gradle'}) WHERE f.code CONTAINS 'sourceCompatibility = ' RETURN f.code;"
"Find all custom tasks defined in the build script.","MATCH (f:File {path: 'build.gradle'}) WHERE f.code CONTAINS 'task ' AND f.code CONTAINS 'type: ' RETURN f.code;"
"Get all Swing components used.","MATCH (c:Class) WHERE c.package STARTS WITH 'javax.swing' RETURN c.name;"
"List all classes that extend 'JFrame' or 'JPanel'.","MATCH (c:Class) WHERE c.extension = 'JFrame' OR c.extension = 'JPanel' RETURN c.name;"
"Find all 'ActionListener' implementations.","MATCH (c:Class)-[:IMPLEMENTS_INTERFACE]->(i:Interface {name: 'ActionListener'}) RETURN c.name;"
"Show me all methods that call 'addActionListener'.","MATCH (m:Method)-[:CALLS]->(callee:Method {name: 'addActionListener'}) RETURN m.name;"
"Which classes use 'JButton' or 'JTextField'?","MATCH (c:Class)-[:HAS_FIELD]->(f) WHERE f.type = 'JButton' OR f.type = 'JTextField' RETURN c.name;"
"Get all methods that are executed on the Event Dispatch Thread (EDT).","MATCH (m:Method)-[:CALLS]->(callee:Method) WHERE callee.signature CONTAINS 'SwingUtilities.invokeLater' RETURN m.name;"
"List all 'LayoutManager' implementations.","MATCH (c:Class)-[:IMPLEMENTS_INTERFACE]->(i:Interface {name: 'LayoutManager'}) RETURN c.name;"
"Find all usages of 'JOptionPane'.","MATCH (m:Method)-[:CALLS]->(callee:Method) WHERE callee.signature CONTAINS 'JOptionPane.' RETURN m.name;"
"Show me the 'main' method that starts the Swing application.","MATCH (c:Class)-[:HAS_METHOD]->(m:Method {name: 'main'}) WHERE m.code CONTAINS 'new JFrame' RETURN c.name;"
"Which methods handle mouse events?","MATCH (m:Method) WHERE m.name STARTS WITH 'mouse' AND m.signature CONTAINS '(MouseEvent' RETURN m.name;"
"Get all AWT components used.","MATCH (c:Class) WHERE c.package STARTS WITH 'java.awt' RETURN c.name;"
"List all classes that extend 'Canvas'.","MATCH (c:Class {extension: 'Canvas'}) RETURN c.name;"
"Find all 'Graphics' object manipulations.","MATCH (m:Method) WHERE m.signature CONTAINS '(Graphics' RETURN m.name;"
"Show me all methods that call 'repaint()'.","MATCH (m:Method)-[:CALLS]->(callee:Method {name: 'repaint'}) RETURN m.name;"
"Which classes use 'Color' or 'Font' objects?","MATCH (c:Class)-[:HAS_METHOD]->(m) WHERE m.code CONTAINS 'new Color(' OR m.code CONTAINS 'new Font(' RETURN DISTINCT c.name;"
"Get all methods handling key events.","MATCH (m:Method) WHERE m.name STARTS WITH 'key' AND m.signature CONTAINS '(KeyEvent' RETURN m.name;"
"List all 'Applet' classes.","MATCH (c:Class {extension: 'Applet'}) RETURN c.name;"
"Find all usages of 'Graphics2D'.","MATCH (m:Method) WHERE m.signature CONTAINS '(Graphics2D' RETURN m.name;"
"Show me the 'paint' method of 'MyCanvas'.","MATCH (c:Class {name: 'MyCanvas'})-[:HAS_METHOD]->(m:Method {name: 'paint'}) RETURN m.code;"
"Which methods set rendering hints?","MATCH (m:Method)-[:CALLS]->(callee:Method {name: 'setRenderingHint'}) RETURN m.name;"
"Get all Android 'Activity' classes.","MATCH (c:Class) WHERE c.extension = 'Activity' OR c.extension = 'AppCompatActivity' RETURN c.name;"
"List all classes that extend 'Fragment'.","MATCH (c:Class {extension: 'Fragment'}) RETURN c.name;"
"Find all 'Service' classes.","MATCH (c:Class {extension: 'Service'}) RETURN c.name;"
"Show me all 'BroadcastReceiver' classes.","MATCH (c:Class {extension: 'BroadcastReceiver'}) RETURN c.name;"
"Which classes use 'findViewById'?","MATCH (c:Class)-[:HAS_METHOD]->(m) WHERE m.code CONTAINS 'findViewById' RETURN DISTINCT c.name;"
"Get all methods annotated with '@Override' that are named 'onCreate'.","MATCH (m:Method {name: 'onCreate'}) WHERE m.code CONTAINS '@Override' RETURN m.signature;"
"List all layouts from the 'R.layout' class.","MATCH (c:Class {name: 'R.layout'})-[:HAS_FIELD]->(f) RETURN f.name;"
"Find all usages of 'startActivity'.","MATCH (m:Method)-[:CALLS]->(callee:Method {name: 'startActivity'}) RETURN m.name;"
"Show me the 'AndroidManifest.xml' file.","MATCH (f:File {path: 'AndroidManifest.xml'}) RETURN f.path, f.code;"
"Which activities are declared as the main launcher?","MATCH (f:File {path: 'AndroidManifest.xml'}) WHERE f.code CONTAINS 'android.intent.action.MAIN' AND f.code CONTAINS 'android.intent.category.LAUNCHER' RETURN f.code;"
"Get all permissions requested by the app.","MATCH (f:File {path: 'AndroidManifest.xml'}) WHERE f.code CONTAINS '<uses-permission' RETURN f.code;"
"List all 'Adapter' classes.","MATCH (c:Class) WHERE c.extension ENDS WITH 'Adapter' RETURN c.name;"
"Find all usages of 'Toast.makeText'.","MATCH (m:Method)-[:CALLS]->(callee:Method) WHERE callee.signature CONTAINS 'Toast.makeText' RETURN m.name;"
"Show me all 'AsyncTask' implementations.","MATCH (c:Class) WHERE c.extension = 'AsyncTask' RETURN c.name;"
"Which methods run in the background ('doInBackground')?","MATCH (m:Method {name: 'doInBackground'}) RETURN m.signature;"
"Get all methods that update the UI from a background thread ('onPostExecute').","MATCH (m:Method {name: 'onPostExecute'}) RETURN m.signature;"
"List all classes that use 'SharedPreferences'.","MATCH (c:Class)-[:HAS_METHOD]->(m) WHERE m.code CONTAINS 'getSharedPreferences' RETURN DISTINCT c.name;"
"Find all 'ContentProvider' classes.","MATCH (c:Class {extension: 'ContentProvider'}) RETURN c.name;"
"Show me the 'SQLiteOpenHelper' implementations.","MATCH (c:Class {extension: 'SQLiteOpenHelper'}) RETURN c.name;"
"Which methods execute raw SQL queries on the database?","MATCH (m:Method)-[:CALLS]->(callee:Method) WHERE callee.name = 'rawQuery' OR callee.name = 'execSQL' RETURN m.name;"
"Get all log statements (Log.d, Log.i, etc.).","MATCH (m:Method)-[:CALLS]->(callee:Method) WHERE callee.signature STARTS WITH 'android.util.Log.' RETURN m.name, callee.signature;"
"List all classes that use 'ViewModel'.","MATCH (c:Class) WHERE c.extension = 'ViewModel' RETURN c.name;"
"Find all usages of 'LiveData'.","MATCH (c:Class)-[:HAS_FIELD]->(f) WHERE f.type CONTAINS 'LiveData' RETURN c.name;"
"Show me the 'Repository' classes for my architecture components.","MATCH (c:Class) WHERE c.name ENDS WITH 'Repository' AND c.code CONTAINS '@Inject' RETURN c.name;"
"Which methods observe 'LiveData' changes?","MATCH (m:Method)-[:CALLS]->(callee:Method {name: 'observe'}) RETURN m.name;"
"Get all 'Room' database entities.","MATCH (c:Class) WHERE c.code CONTAINS '@Entity' AND c.package CONTAINS 'room' RETURN c.name;"
"List all 'DAO' (Data Access Object) interfaces for Room.","MATCH (i:Interface) WHERE i.code CONTAINS '@Dao' RETURN i.name;"
"Find all '@Query' annotations in DAOs.","MATCH (i:Interface)-[:HAS_METHOD]->(m) WHERE i.code CONTAINS '@Dao' AND m.code CONTAINS '@Query' RETURN i.name, m.signature;"
"Show me the 'Database' class that extends 'RoomDatabase'.","MATCH (c:Class) WHERE c.extension = 'RoomDatabase' RETURN c.name;"
"Which classes use 'Hilt' or 'Dagger' for dependency injection?","MATCH (c:Class) WHERE c.code CONTAINS '@AndroidEntryPoint' OR c.code CONTAINS '@Inject' RETURN c.name;"
"Get all modules for dependency injection.","MATCH (c:Class) WHERE c.code CONTAINS '@Module' RETURN c.name;"
"List all methods annotated with '@Provides'.","MATCH (m:Method) WHERE m.code CONTAINS '@Provides' RETURN m.signature;"
"Find all components or subcomponents for Dagger.","MATCH (i:Interface) WHERE i.code CONTAINS '@Component' OR i.code CONTAINS '@Subcomponent' RETURN i.name;"
"Show me the 'build.gradle' file for the app module.","MATCH (f:File {path: 'app/build.gradle'}) RETURN f.path, f.code;"
"Which libraries are included as dependencies?","MATCH (f:File {path: 'app/build.gradle'}) WHERE f.code CONTAINS 'implementation' RETURN f.code;"
"Get the application ID from the gradle file.","MATCH (f:File {path: 'app/build.gradle'}) WHERE f.code CONTAINS 'applicationId' RETURN f.code;"
"List all product flavors defined.","MATCH (f:File {path: 'app/build.gradle'}) WHERE f.code CONTAINS 'productFlavors' RETURN f.code;"
"Find all usages of 'Retrofit' for networking.","MATCH (c:Class)-[:HAS_METHOD]->(m) WHERE m.code CONTAINS 'new Retrofit.Builder()' RETURN DISTINCT c.name;"
"Show me the API interfaces for Retrofit.","MATCH (i:Interface) WHERE i.code CONTAINS '@GET' OR i.code CONTAINS '@POST' RETURN i.name;"
"Which methods define a network request?","MATCH (m:Method) WHERE m.code CONTAINS '@GET' OR m.code CONTAINS '@POST' OR m.code CONTAINS '@PUT' RETURN m.signature;"
"Get all classes that use 'OkHttpClient'.","MATCH (c:Class)-[:HAS_METHOD]->(m) WHERE m.code CONTAINS 'new OkHttpClient.Builder()' RETURN DISTINCT c.name;"
"List all network interceptors.","MATCH (c:Class)-[:IMPLEMENTS_INTERFACE]->(i:Interface {name: 'Interceptor'}) RETURN c.name;"
"Find all usages of 'Gson' or 'Moshi' for JSON parsing.","MATCH (c:Class)-[:HAS_METHOD]->(m) WHERE m.code CONTAINS 'new Gson()' OR m.code CONTAINS 'new Moshi.Builder()' RETURN DISTINCT c.name;"
"Show me the model classes used for API responses.","MATCH (c:Class) WHERE c.package CONTAINS '.model.api' OR c.package CONTAINS '.data.remote' RETURN c.name;"
"Which classes use 'Picasso' or 'Glide' for image loading?","MATCH (m:Method)-[:CALLS]->(callee) WHERE callee.signature CONTAINS 'Picasso.get()' OR callee.signature CONTAINS 'Glide.with()' RETURN m.name;"
"Get all methods that set an 'OnClickListener'.","MATCH (m:Method)-[:CALLS]->(callee:Method {name: 'setOnClickListener'}) RETURN m.name;"
"List all 'RecyclerView.Adapter' implementations.","MATCH (c:Class) WHERE c.extension = 'RecyclerView.Adapter' RETURN c.name;"
"Find all 'ViewHolder' classes.","MATCH (c:Class) WHERE c.extension = 'RecyclerView.ViewHolder' RETURN c.name;"
"Show me the 'onCreateViewHolder' and 'onBindViewHolder' methods.","MATCH (m:Method) WHERE m.name = 'onCreateViewHolder' OR m.name = 'onBindViewHolder' RETURN m.signature;"
"Which classes use 'Coroutine' scopes?","MATCH (c:Class)-[:HAS_METHOD]->(m) WHERE m.code CONTAINS 'CoroutineScope' or m.code CONTAINS 'GlobalScope.launch' RETURN DISTINCT c.name;"
"Get all 'suspend' functions.","MATCH (m:Method) WHERE m.signature CONTAINS 'suspend fun' RETURN m.signature;"
"List all functions that use 'Flow' or 'StateFlow'.","MATCH (m:Method) WHERE m.signature CONTAINS 'Flow<' or m.signature CONTAINS 'StateFlow<' RETURN m.signature;"
"Find all usages of 'launch' or 'async' coroutine builders.","MATCH (m:Method)-[:CALLS]->(callee) WHERE callee.name = 'launch' OR callee.name = 'async' RETURN m.name;"
"Show me functions that switch dispatchers (e.g., 'withContext(Dispatchers.IO)').","MATCH (m:Method)-[:CALLS]->(callee) WHERE callee.signature CONTAINS 'withContext' RETURN m.name;"
"Which classes are Kotlin data classes?","MATCH (c:Class) WHERE c.signature CONTAINS 'data class' RETURN c.name;"
"Get all functions with default arguments.","MATCH (m:Method) WHERE m.signature CONTAINS ' = ' RETURN m.signature;"
"List all extension functions.","MATCH (m:Method) WHERE m.signature CONTAINS ' fun ' AND m.signature CONTAINS '.' RETURN m.signature;"
"Find all companion objects.","MATCH (c:Class) WHERE c.code CONTAINS 'companion object' RETURN c.name;"
"Show me all sealed classes or interfaces.","MATCH (c:Class) WHERE c.signature CONTAINS 'sealed class' OR c.signature CONTAINS 'sealed interface' RETURN c.name;"
"Which classes use null-safe operators ('?.')?","MATCH (c:Class)-[:HAS_METHOD]->(m) WHERE m.code CONTAINS '?.' RETURN DISTINCT c.name;"
"Get all functions that are 'inline'.","MATCH (m:Method) WHERE m.signature CONTAINS 'inline fun' RETURN m.signature;"
"List all object declarations (singletons in Kotlin).","MATCH (c:Class) WHERE c.signature CONTAINS 'object ' RETURN c.name;"
"Find all usages of scoped functions like 'let', 'run', 'apply'.","MATCH (m:Method)-[:CALLS]->(callee) WHERE callee.name IN ['let', 'run', 'apply', 'also', 'with'] RETURN m.name;"
"Show me all functions that return 'Unit'.","MATCH (m:Method) WHERE m.signature ENDS WITH 'Unit' OR NOT m.signature CONTAINS ':' RETURN m.signature;"
"Get all top-level functions (defined outside a class).","MATCH (f:File)-[:CONTAINS_FUNCTION]->(m:Method) RETURN f.path, m.signature;"
"List all properties with delegated properties ('by').","MATCH (c:Class)-[:HAS_FIELD]->(f) WHERE f.signature CONTAINS ' by ' RETURN c.name, f.name;"
"Find all type aliases.","MATCH (f:File) WHERE f.code CONTAINS 'typealias' RETURN f.path, f.code;"
"Show me all 'when' expressions.","MATCH (m:Method) WHERE m.code CONTAINS 'when (' RETURN m.name;"
"Which functions use string templates ('$')?","MATCH (m:Method) WHERE m.code CONTAINS '\"$' OR m.code CONTAINS '\"${' RETURN m.name;"
"Get all functions that are 'operator' functions.","MATCH (m:Method) WHERE m.signature CONTAINS 'operator fun' RETURN m.signature;"
"List all reified type parameters.","MATCH (m:Method) WHERE m.signature CONTAINS 'reified ' RETURN m.signature;"
"Find all 'lateinit' properties.","MATCH (c:Class)-[:HAS_FIELD]->(f) WHERE f.signature CONTAINS 'lateinit var' RETURN c.name, f.name;"
"Show me all primary and secondary constructors.","MATCH (c:Class) WHERE c.signature CONTAINS 'class' AND c.signature CONTAINS '(' OR c.code CONTAINS 'constructor(' RETURN c.name;"
"Which functions use destructuring declarations?","MATCH (m:Method) WHERE m.code CONTAINS 'val (' RETURN m.name;"
"Get all functions with '@JvmStatic' or '@JvmOverloads'.","MATCH (m:Method) WHERE m.code CONTAINS '@JvmStatic' OR m.code CONTAINS '@JvmOverloads' RETURN m.signature;"
"List all SAM (Single Abstract Method) conversions.","MATCH (m:Method) WHERE m.code MATCHES '\\w+\\s*\\{\\s*\\w+\\s*->' RETURN m.name;"
"Find all Java classes from a Kotlin project.","MATCH (c:Class) WHERE c.file_path ENDS WITH '.java' RETURN c.name;"
"Show me all Kotlin classes from a Java project.","MATCH (c:Class) WHERE c.file_path ENDS WITH '.kt' RETURN c.name;"
"Which classes are used by both Java and Kotlin?","MATCH (jc:Class)-[:HAS_METHOD]->(jm)-[:CALLS]->()<-[:HAS_METHOD]-(kc:Class) WHERE jc.file_path ENDS WITH '.java' AND kc.file_path ENDS WITH '.kt' RETURN DISTINCT jc.name, kc.name;"
"Get all 'internal' visibility members.","MATCH (m:Method) WHERE m.signature CONTAINS 'internal fun' RETURN m.signature;"
"List all properties defined in interfaces.","MATCH (i:Interface)-[:HAS_FIELD]->(f) RETURN i.name, f.name;"
"Find all multi-platform modules.","MATCH (f:File {path:'build.gradle.kts'}) WHERE f.code CONTAINS 'kotlin-multiplatform' RETURN f.path;"
"Show me the 'commonMain' source set.","MATCH (f:File {path:'build.gradle.kts'}) WHERE f.code CONTAINS 'commonMain' RETURN f.path;"
"Which classes are expected ('expect class')?","MATCH (c:Class) WHERE c.signature CONTAINS 'expect class' RETURN c.name;"
"Get all actual implementations ('actual class').","MATCH (c:Class) WHERE c.signature CONTAINS 'actual class' RETURN c.name;"
"List all dependencies for the JVM target.","MATCH (f:File {path:'build.gradle.kts'}) WHERE f.code CONTAINS 'jvm()' RETURN f.code;"
"Find all dependencies for Android or JS targets.","MATCH (f:File {path:'build.gradle.kts'}) WHERE f.code CONTAINS 'android()' OR f.code CONTAINS 'js()' RETURN f.code;"
"Show me all native targets defined.","MATCH (f:File {path:'build.gradle.kts'}) WHERE f.code CONTAINS 'ios()' OR f.code CONTAINS 'linuxX64()' RETURN f.code;"
"Which APIs are available in the common code?","MATCH (f:File)-[:CONTAINS_TYPE]->(c) WHERE f.path CONTAINS '/commonMain/' AND c.signature STARTS WITH 'public' RETURN c.name;"
"Get all platform-specific implementations of 'MyApi'.","MATCH (c:Class {name: 'MyApi'}) WHERE c.signature STARTAINS WITH 'actual' RETURN c.file_path;"
"List all tests in the common module.","MATCH (f:File)-[:CONTAINS_TYPE]->(c:Class)-[:HAS_METHOD]->(m) WHERE f.path CONTAINS '/commonTest/' AND m.code CONTAINS '@Test' RETURN c.name, m.name;"
"Find all usages of platform-specific libraries.","MATCH (c:Class)-[:IMPORTS]->(i) WHERE i.package STARTS WITH 'java.' OR i.package STARTS WITH 'kotlinx.cinterop' RETURN c.name, i.name;"
"Get all classes that are serializable with 'kotlinx.serialization'.","MATCH (c:Class) WHERE c.code CONTAINS '@Serializable' RETURN c.name;"
"List all properties marked as '@Transient'.","MATCH (c:Class)-[:HAS_FIELD]->(f) WHERE f.code CONTAINS '@Transient' RETURN c.name, f.name;"
"Find all usages of 'Json.encodeToString' or 'Json.decodeFromString'.","MATCH (m:Method)-[:CALLS]->(callee) WHERE callee.name = 'encodeToString' OR callee.name = 'decodeFromString' RETURN m.name;"
"Show me all custom serializers.","MATCH (c:Class) WHERE c.extension = 'KSerializer' RETURN c.name;"
"Which classes have polymorphic serialization enabled?","MATCH (c:Class)-[:HAS_METHOD]->(m) WHERE m.code CONTAINS 'SerializersModule' AND m.code CONTAINS 'polymorphic' RETURN c.name;"
"Get all properties with '@SerialName' annotation.","MATCH (c:Class)-[:HAS_FIELD]->(f) WHERE f.code CONTAINS '@SerialName' RETURN c.name, f.name;"
"List all enum classes that are serialized by name.","MATCH (c:Class) WHERE c.signature CONTAINS 'enum class' AND c.code CONTAINS '@Serializable' RETURN c.name;"
"Find all usages of 'protobuf' serialization.","MATCH (c:Class) WHERE c.code CONTAINS 'ProtoBuf' RETURN c.name;"
"Show me all 'build.gradle.kts' files.","MATCH (f:File {path: 'build.gradle.kts'}) RETURN f.path;"
"Which plugins are used in the kts build script?","MATCH (f:File {path: 'build.gradle.kts'}) WHERE f.code CONTAINS 'plugins {' RETURN f.code;"
"Get all dependencies from a kts build script.","MATCH (f:File {path: 'build.gradle.kts'}) WHERE f.code CONTAINS 'implementation(' RETURN f.code;"
"List all 'vars' that could be 'vals'. (Heuristic: not reassigned)","MATCH (m:Method)-[:DECLARES_VAR]->(v) WHERE NOT (m)-[:REASSIGNS_VAR]->(v) RETURN m.name, v.name;"
"Find all empty code blocks (e.g., empty methods, empty try/catch).","MATCH (m:Method) WHERE m.code CONTAINS '{}' OR m.code CONTAINS 'catch (Exception e) {}' RETURN m.name;"
"Show me methods with a high number of nested callbacks (callback hell).","MATCH (m:Method) WHERE size(split(m.code, '->')) > 3 RETURN m.name;"
"Which classes have a low cohesion (methods operate on different sets of fields)? (Conceptual)","MATCH (c:Class)-[:HAS_METHOD]->(m1), (c)-[:HAS_METHOD]->(m2), (c)-[:HAS_FIELD]->(f) WHERE (m1)-[:ACCESSES]->(f) AND NOT (m2)-[:ACCESSES]->(f) RETURN c.name;"
"Get all magic numbers (numeric literals not assigned to a constant).","MATCH (m:Method) WHERE m.code MATCHES '.*[=\\s(][0-9]{2,}[;\\s)].*' RETURN m.name;"
"List all hardcoded strings that look like file paths or URLs.","MATCH (m:Method) WHERE m.code CONTAINS '\"http://' OR m.code CONTAINS '\"C:\\\\' RETURN m.name;"
"Find all duplicated code blocks. (Conceptual)","MATCH (m1:Method), (m2:Method) WHERE m1.code = m2.code AND m1 <> m2 RETURN m1.name, m2.name;"
"Show me classes that are tightly coupled. (High number of inter-class calls)","MATCH (c1:Class)-[:HAS_METHOD]->(m1)-[:CALLS]->(m2)<-[:HAS_METHOD]-(c2:Class) WHERE c1 <> c2 WITH c1, c2, count(*) as calls RETURN c1.name, c2.name, calls ORDER BY calls DESC LIMIT 10;"
"Which methods are too long (over 100 lines)?","MATCH (m:Method) WHERE size(split(m.code, '\n')) > 100 RETURN m.name;"
"Get all commented-out code blocks.","MATCH (m:Method) WHERE m.code CONTAINS '//' AND (m.code CONTAINS ';' OR m.code CONTAINS '{') RETURN m.name;"
"List all dependencies that are outdated. (Conceptual)","MATCH (f:File {path: 'pom.xml'}) WHERE f.code CONTAINS '1.0' RETURN 'Check dependencies in pom.xml';"
"Find all transitive dependencies. (Conceptual)","MATCH (a)-[:DEPENDS_ON]->(b)-[:DEPENDS_ON]->(c) RETURN a.name, c.name;"
"Show me the dependency tree for 'my-library'. (Conceptual)","MATCH p=(:Library {name: 'my-library'})-[:DEPENDS_ON*]->(dep) RETURN p;"
"Which libraries have security vulnerabilities? (Conceptual)","MATCH (l:Library) WHERE l.vulnerabilities > 0 RETURN l.name, l.vulnerabilities;"
"Get all libraries with a 'GPL' license.","MATCH (l:Library {license: 'GPL'}) RETURN l.name;"
"List all dependencies not used in the code. (Conceptual)","MATCH (d:Dependency) WHERE NOT ()-[:USES]->(d) RETURN d.name;"
"Find all version conflicts in dependencies. (Conceptual)","MATCH (a)-[:DEPENDS_ON]->(d {version: '1.0'}), (b)-[:DEPENDS_ON]->(d {version: '2.0'}) RETURN d.name;"
"Show me the build time for each module. (Conceptual)","MATCH (m:Module) RETURN m.name, m.buildTime;"
"Which tests are flaky (pass and fail intermittently)? (Conceptual)","MATCH (t:Test) WHERE t.flaky = true RETURN t.name;"
"Get the code coverage for 'UserService'. (Conceptual)","MATCH (c:Class {name: 'UserService'}) RETURN c.codeCoverage;"
"List all methods with low code coverage. (Conceptual)","MATCH (m:Method) WHERE m.codeCoverage < 0.7 RETURN m.name, m.codeCoverage;"
"Find the technical debt score for the project. (Conceptual)","MATCH (p:Project) RETURN p.technicalDebtScore;"
"Show me all 'code smells' detected. (Conceptual)","MATCH (cs:CodeSmell) RETURN cs.type, cs.location;"
"Which files have the most git commits? (Conceptual)","MATCH (f:File) RETURN f.path, f.commitCount ORDER BY f.commitCount DESC LIMIT 10;"
"Get the last author who modified 'DatabaseConnection.java'. (Conceptual)","MATCH (f:File {path: 'DatabaseConnection.java'}) RETURN f.lastAuthor;"
"List all bugs associated with 'PaymentService'. (Conceptual)","MATCH (:Class {name: 'PaymentService'})-[:HAS_BUG]->(b:Bug) RETURN b.id, b.summary;"
"Find the developer who has fixed the most bugs. (Conceptual)","MATCH (d:Developer)-[:FIXED]->(b:Bug) WITH d, count(b) as bugCount RETURN d.name, bugCount ORDER BY bugCount DESC LIMIT 1;"
"Show me the git history for the 'pom.xml' file. (Conceptual)","MATCH p=(:File {path: 'pom.xml'})<-[:MODIFIED_IN]-(c:Commit) RETURN p;"
"Which commit introduced a bug in 'UserAuthentication'? (Conceptual)","MATCH (:Class {name: 'UserAuthentication'})-[:HAS_BUG]->(b)-[:INTRODUCED_IN]->(c:Commit) RETURN c.hash;"
"Get all feature flags in the codebase.","MATCH (m:Method) WHERE m.code CONTAINS 'FeatureFlag.isEnabled' RETURN m.name;"
"List all A/B tests currently active.","MATCH (c:Class) WHERE c.name CONTAINS 'ABTest' RETURN c.name;"
"Find all API endpoints that are behind a feature flag.","MATCH (m:Method) WHERE m.code CONTAINS '@GetMapping' AND m.code CONTAINS 'if (featureFlag' RETURN m.signature;"
"Show me the configuration for the 'database' feature flag. (Conceptual)","MATCH (ff:FeatureFlag {name: 'database'}) RETURN ff.configuration;"
"Which users have access to the 'beta' feature? (Conceptual)","MATCH (u:User)-[:HAS_ACCESS_TO]->(ff:FeatureFlag {name: 'beta'}) RETURN u.name;"
"Get all CI/CD pipeline configuration files.","MATCH (f:File) WHERE f.path = '.gitlab-ci.yml' OR f.path = 'Jenkinsfile' RETURN f.path;"
"List all stages in the deployment pipeline.","MATCH (f:File {path:'.gitlab-ci.yml'}) WHERE f.code CONTAINS 'stages:' RETURN f.code;"
"Show me the 'build' job configuration.","MATCH (f:File {path:'.gitlab-ci.yml'}) WHERE f.code CONTAINS 'build_job:' RETURN f.code;"
"Which script is executed for the 'test' stage?","MATCH (f:File {path:'.gitlab-ci.yml'}) WHERE f.code CONTAINS 'stage: test' AND f.code CONTAINS 'script:' RETURN f.code;"
"Get all docker images used in the pipeline.","MATCH (f:File {path:'.gitlab-ci.yml'}) WHERE f.code CONTAINS 'image:' RETURN f.code;"
"List all microservices in this repository. (Conceptual)","MATCH (m:Microservice) RETURN m.name;"
"Show me the API contract for the 'user-service'. (Conceptual)","MATCH (m:Microservice {name: 'user-service'}) RETURN m.apiContract;"
"Which services does the 'order-service' communicate with? (Conceptual)","MATCH (:Microservice {name: 'order-service'})-[:COMMUNICATES_WITH]->(s:Microservice) RETURN s.name;"
"Find all asynchronous communication patterns (e.g., Kafka, RabbitMQ). (Conceptual)","MATCH (a)-[r:COMMUNICATES_WITH {protocol: 'kafka'}]->(b) RETURN a.name, b.name;"
"Get the owner of the 'payment-service'. (Conceptual)","MATCH (s:Microservice {name: 'payment-service'}) RETURN s.owner;"
"List all database schemas. (Conceptual)","MATCH (s:Schema) RETURN s.name;"
"Show me the tables in the 'auth' schema. (Conceptual)","MATCH (:Schema {name: 'auth'})-[:HAS_TABLE]->(t:Table) RETURN t.name;"
"Get all columns for the 'users' table. (Conceptual)","MATCH (:Table {name: 'users'})-[:HAS_COLUMN]->(c:Column) RETURN c.name, c.dataType;"
"Which tables have a foreign key to the 'accounts' table? (Conceptual)","MATCH (t1:Table)-[:HAS_FOREIGN_KEY_TO]->(:Table {name: 'accounts'}) RETURN t1.name;"
"Find all indexes on the 'transactions' table. (Conceptual)","MATCH (:Table {name: 'transactions'})-[:HAS_INDEX]->(i:Index) RETURN i.name;"
"List all stored procedures that access the 'customers' table. (Conceptual)","MATCH (sp:StoredProcedure)-[:ACCESSES]->(:Table {name: 'customers'}) RETURN sp.name;"
"Show me triggers on the 'inventory' table. (Conceptual)","MATCH (:Table {name: 'inventory'})-[:HAS_TRIGGER]->(t:Trigger) RETURN t.name;"
"Which columns are primary keys? (Conceptual)","MATCH (c:Column {isPrimaryKey: true}) RETURN c.name;"
"Get all non-nullable columns in the 'products' table. (Conceptual)","MATCH (:Table {name: 'products'})-[:HAS_COLUMN]->(c:Column) WHERE c.isNullable = false RETURN c.name;"
"Find all tables without a primary key. (Conceptual)","MATCH (t:Table) WHERE NOT (t)-[:HAS_COLUMN]->({isPrimaryKey: true}) RETURN t.name;"
"List all cloud resources defined in Terraform/CloudFormation. (Conceptual)","MATCH (r:CloudResource) RETURN r.type, r.name;"
"Show me all S3 buckets. (Conceptual)","MATCH (r:CloudResource {type: 'S3Bucket'}) RETURN r.name;"
"Get all EC2 instances with their instance type. (Conceptual)","MATCH (r:CloudResource {type: 'EC2Instance'}) RETURN r.name, r.instanceType;"
"Which security groups are attached to the 'prod-db' instance? (Conceptual)","MATCH (:CloudResource {name: 'prod-db'})-[:USES_SECURITY_GROUP]->(sg) RETURN sg.name;"
"Find all public-facing resources (e.g., public S3 buckets, open security groups). (Conceptual)","MATCH (r:CloudResource) WHERE r.isPublic = true RETURN r.type, r.name;"
"List all Lambda functions. (Conceptual)","MATCH (r:CloudResource {type: 'LambdaFunction'}) RETURN r.name;"
"Show me the IAM roles and their policies. (Conceptual)","MATCH (r:IAMRole)-[:HAS_POLICY]->(p:IAMPolicy) RETURN r.name, p.name;"
"Which resources are in the 'us-east-1' region? (Conceptual)","MATCH (r:CloudResource {region: 'us-east-1'}) RETURN r.name;"
"Get the VPC configuration for the 'main-app'. (Conceptual)","MATCH (:CloudResource {name: 'main-app'})-[:IN_VPC]->(v:VPC) RETURN v.name, v.cidrBlock;"
"Find all unused IAM roles. (Conceptual)","MATCH (r:IAMRole) WHERE NOT ()-[:ASSUMES_ROLE]->(r) RETURN r.name;"
"Show me all classes in file X.","MATCH (f:File {path:'X'})-[:CONTAINS_TYPE]->(c:Class) RETURN c.name"
"Get me the file path for class Y.","MATCH (c:Class {name:'Y'}) RETURN c.file_path"
"List the interfaces implemented by Z.","MATCH (c:Class {name:'Z'})-[:IMPLEMENTS_INTERFACE]->(i:Interface) RETURN i.name"
"How many methods are there in class A?","MATCH (c:Class {name:'A'})-[:HAS_METHOD]->(m) RETURN count(m)"
"Show me all the 'public static' methods.","MATCH (m:Method) WHERE m.signature CONTAINS 'public static' RETURN m.signature"
"Which classes can be found in file B?","MATCH (f:File {path:'B'})-[:CONTAINS_TYPE]->(c:Class) RETURN c.name"
"Get the code of method C.","MATCH (m:Method {name:'C'}) RETURN m.code"
"What are the properties of class D?","MATCH (n:Class {name:'D'}) RETURN properties(n)"
"Find unused methods.","MATCH (m:Method) WHERE NOT ()-[:CALLS]->(m) RETURN m.name, m.signature"
"List all classes that extend class E.","MATCH (c:Class {extension:'E'}) RETURN c.name"
"what's the package for class F?","MATCH (c:Class {name:'F'}) RETURN c.package"
"Show me methods created in the last 24 hours.","MATCH (m:Method) WHERE datetime(m.createdAt) > datetime() - duration({days: 1}) RETURN m.name"
"Which methods in class G call methods in class H?","MATCH (g:Class {name:'G'})-[:HAS_METHOD]->(m1:Method)-[:CALLS]->(m2:Method)<-[:HAS_METHOD]-(h:Class {name:'H'}) RETURN m1.name, m2.name"
"What's the class with the most methods?","MATCH (c:Class)-[:HAS_METHOD]->(m) WITH c, count(m) AS methodCount RETURN c.name ORDER BY methodCount DESC LIMIT 1"
"What fields does class I have?","MATCH (c:Class {name:'I'})-[:HAS_FIELD]->(f:Field) RETURN f.name"
"List every method that class J calls.","MATCH (j:Class {name:'J'})-[:HAS_METHOD]->(source)-[:CALLS]->(target) RETURN DISTINCT target.name"
"Who calls method K?","MATCH (caller:Method)-[:CALLS]->(:Method {name:'K'}) RETURN caller.name"
"Find all classes in package L.","MATCH (p:Package {name:'L'})-[:CONTAINS]->(c:Class) RETURN c.name"
"Get the signature of method M in class N.","MATCH (n:Class {name:'N'})-[:HAS_METHOD]->(m:Method {name:'M'}) RETURN m.signature"
"What parameters does method O take?","MATCH (m:Method {name:'O'})-[:HAS_PARAMETER]->(p:Class) RETURN p.name"
"Show me all enums.","MATCH (e:Enum) RETURN e.name"
"Which file contains interface P?","MATCH (f:File)-[:CONTAINS_TYPE]->(i:Interface {name:'P'}) RETURN f.path"
"List all methods that return type Q.","MATCH (m:Method) WHERE m.signature ENDS WITH 'Q' RETURN m.name"
"Find classes that import class R.","MATCH (c:Class)-[:IMPORTS]->(r:Class {name:'R'}) RETURN c.name"
"How many packages are there?","MATCH (p:Package) RETURN count(p)"
"Show me the methods of class S.","MATCH (s:Class {name:'S'})-[:HAS_METHOD]->(m) RETURN m.signature"
"What other methods call method T?","MATCH (caller:Method)-[:CALLS]->(:Method {name:'T'}) RETURN caller.name"
"What are the fields for class U?","MATCH (u:Class {name:'U'})-[:HAS_FIELD]->(f:Field) RETURN f.name"
"List classes in package V.","MATCH (p:Package {name:'V'})-[:CONTAINS]->(c:Class) RETURN c.name"
"Get the code for method W.","MATCH (m:Method {name:'W'}) RETURN m.code"
"Which classes implement interface X?","MATCH (c:Class)-[:IMPLEMENTS_INTERFACE]->(i:Interface {name:'X'}) RETURN c.name"
"Find all methods in the 'security' package.","MATCH (p:Package {name:'security'})-[:CONTAINS]->(c:Class)-[:HAS_METHOD]->(m) RETURN m.name"
"Count the number of methods calling Y.","MATCH (caller:Method)-[:CALLS]->(callee:Method {name:'Y'}) RETURN count(caller)"
"Show me the path for interface Z.","MATCH (i:Interface {name:'Z'}) RETURN i.file_path"
"List all methods that take a String as a parameter.","MATCH (m:Method) WHERE m.signature CONTAINS '(String ' RETURN m.name"
"Find the class named 'Customer'.","MATCH (c:Class {name:'Customer'}) RETURN c.name"
"What does method 'initialize' call?","MATCH (m:Method {name:'initialize'})-[:CALLS]->(callee) RETURN callee.name"
"Who calls 'sendNotification'?","MATCH (caller:Method)-[:CALLS]->(m:Method {name:'sendNotification'}) RETURN caller.name"
"Get all fields of the 'Order' class.","MATCH (c:Class {name:'Order'})-[:HAS_FIELD]->(f) RETURN f.name"
"What interfaces are in the 'repository' package?","MATCH (p:Package {name:'repository'})-[:CONTAINS]->(i:Interface) RETURN i.name"
"Show me the signature of 'deleteById' in 'CrudRepository'.","MATCH (i:Interface {name:'CrudRepository'})-[:HAS_METHOD]->(m:Method {name:'deleteById'}) RETURN m.signature"
"List methods that have a 'void' return type.","MATCH (m:Method) WHERE m.signature CONTAINS ' void ' RETURN m.name"
"Which classes have no fields?","MATCH (c:Class) WHERE NOT (c)-[:HAS_FIELD]->() RETURN c.name"
"Find all methods whose name contains 'util'.","MATCH (m:Method) WHERE m.name CONTAINS 'util' RETURN m.name"
"Get the file path for the 'MainApp' class.","MATCH (c:Class {name:'MainApp'}) RETURN c.file_path"
"What does the constructor for 'HttpClient' call?","MATCH (m:Method {name:'HttpClient'})-[:CALLS]->(callee) RETURN callee.name"
"Which methods are called by 'process'?","MATCH (m:Method {name:'process'})-[:CALLS]->(callee) RETURN callee.name"
"Find all methods in 'DataProcessor'.","MATCH (c:Class {name:'DataProcessor'})-[:HAS_METHOD]->(m) RETURN m.name"
"Who calls 'getInstance'?","MATCH (caller:Method)-[:CALLS]->(m:Method {name:'getInstance'}) RETURN caller.name"
"List the fields for 'RequestData' class.","MATCH (c:Class {name:'RequestData'})-[:HAS_FIELD]->(f) RETURN f.name"
"Find all interfaces in the project.","MATCH (i:Interface) RETURN i.name"
"Get the code for 'parse' method.","MATCH (m:Method {name:'parse'}) RETURN m.code"
"Which classes in 'com.example.model' have more than 5 fields?","MATCH (p:Package {name:'com.example.model'})-[:CONTAINS]->(c:Class)-[:HAS_FIELD]->(f) WITH c, count(f) as fieldCount WHERE fieldCount > 5 RETURN c.name"
"Show me all methods that are 'synchronized'.","MATCH (m:Method) WHERE m.signature CONTAINS 'synchronized' RETURN m.name"
"What is the parent class of 'MyService'?","MATCH (c:Class {name:'MyService'}) RETURN c.extension"
"Find method calls between 'Service' and 'DAO' layers.","MATCH (s:Class)-[:HAS_METHOD]->(sm:Method)-[:CALLS]->(dm:Method)<-[:HAS_METHOD]-(d:Class) WHERE s.name ENDS WITH 'Service' AND d.name ENDS WITH 'Dao' RETURN s.name, sm.name, d.name, dm.name"
"List all methods in the 'Logger' class.","MATCH (c:Class {name:'Logger'})-[:HAS_METHOD]->(m) RETURN m.signature"
"Which other methods call the 'log' method?","MATCH (caller:Method)-[:CALLS]->(m:Method {name:'log'}) RETURN caller.name"
"What are the fields in the 'LogMessage' class?","MATCH (c:Class {name:'LogMessage'})-[:HAS_FIELD]->(f) RETURN f.name"
"Find all classes in the 'com.example.log' package.","MATCH (p:Package {name:'com.example.log'})-[:CONTAINS]->(c:Class) RETURN c.name"
"Get the method signature for 'info' in 'Logger'.","MATCH (c:Class {name:'Logger'})-[:HAS_METHOD]->(m:Method {name:'info'}) RETURN m.signature"
"What methods does 'error' call?","MATCH (m:Method {name:'error'})-[:CALLS]->(callee) RETURN callee.name"
"Which classes implement the 'Loggable' interface?","MATCH (c:Class)-[:IMPLEMENTS_INTERFACE]->(i:Interface {name:'Loggable'}) RETURN c.name"
"Find all methods that return a 'boolean'.","MATCH (m:Method) WHERE m.signature ENDS WITH 'boolean' RETURN m.name"
"How many files are in the project?","MATCH (f:File) RETURN count(f)"
"Show me all the methods in the 'TaskRunner' class.","MATCH (c:Class {name:'TaskRunner'})-[:HAS_METHOD]->(m) RETURN m.signature"
"Who calls the 'run' method in 'TaskRunner'?","MATCH (caller:Method)-[:CALLS]->(callee:Method {name:'run'})<-[:HAS_METHOD]-(:Class {name:'TaskRunner'}) RETURN caller.name"
"List all fields in the 'Task' class.","MATCH (c:Class {name:'Task'})-[:HAS_FIELD]->(f) RETURN f.name"
"Find all classes in the 'task' package.","MATCH (p:Package {name:'task'})-[:CONTAINS]->(c:Class) RETURN c.name"
"Get the code for the 'execute' method.","MATCH (m:Method {name:'execute'}) RETURN m.code"
"Which classes import 'java.util.concurrent.ExecutorService'?","MATCH (c:Class)-[:IMPORTS]->(i:Class {name:'java.util.concurrent.ExecutorService'}) RETURN c.name"
"Find all methods with no parameters.","MATCH (m:Method) WHERE m.signature ENDS WITH '()' RETURN m.name"
"Count methods per package.","MATCH (p:Package)-[:CONTAINS]->(c:Class)-[:HAS_METHOD]->(m) RETURN p.name, count(m)"
"Show me the path of the 'Status' enum.","MATCH (e:Enum {name:'Status'}) RETURN e.file_path"
"List all methods that are 'private'.","MATCH (m:Method) WHERE m.signature STARTS WITH 'private' RETURN m.name"
"Find the class with the name 'ProductRepo'.","MATCH (c:Class {name:'ProductRepo'}) RETURN c.name"
"What does 'saveProduct' call?","MATCH (m:Method {name:'saveProduct'})-[:CALLS]->(callee) RETURN callee.name"
"Who calls 'deleteProduct'?","MATCH (caller:Method)-[:CALLS]->(m:Method {name:'deleteProduct'}) RETURN caller.name"
"Get all fields for the 'ProductDetails' class.","MATCH (c:Class {name:'ProductDetails'})-[:HAS_FIELD]->(f) RETURN f.name"
"What interfaces are in the 'dao' package?","MATCH (p:Package {name:'dao'})-[:CONTAINS]->(i:Interface) RETURN i.name"
"Show the signature of 'getAll' in 'BaseDao'.","MATCH (i:Interface {name:'BaseDao'})-[:HAS_METHOD]->(m:Method {name:'getAll'}) RETURN m.signature"
"Which classes have no methods?","MATCH (c:Class) WHERE NOT (c)-[:HAS_METHOD]->() RETURN c.name"
"Find all methods whose name ends with 'ById'.","MATCH (m:Method) WHERE m.name ENDS WITH 'ById' RETURN m.name"
"Get the file path for the 'ModelMapper' class.","MATCH (c:Class {name:'ModelMapper'}) RETURN c.file_path"
"What does the 'map' method call?","MATCH (m:Method {name:'map'})-[:CALLS]->(callee) RETURN callee.name"
"Which methods are called by 'convert'?","MATCH (m:Method {name:'convert'})-[:CALLS]->(callee) RETURN callee.name"
"Find all methods in 'DtoConverter'.","MATCH (c:Class {name:'DtoConverter'})-[:HAS_METHOD]->(m) RETURN m.name"
"Who calls 'toDto'?","MATCH (caller:Method)-[:CALLS]->(m:Method {name:'toDto'}) RETURN caller.name"
"List the fields for 'GenericDto' class.","MATCH (c:Class {name:'GenericDto'})-[:HAS_FIELD]->(f) RETURN f.name"
"Find all enums in the 'dto' package.","MATCH (p:Package {name:'dto'})-[:CONTAINS]->(e:Enum) RETURN e.name"
"Get the code for 'fromEntity' method in 'UserConverter'.","MATCH (c:Class {name:'UserConverter'})-[:HAS_METHOD]->(m:Method {name:'fromEntity'}) RETURN m.code"
"Which classes in 'com.example.converter' have a field named 'instance'?","MATCH (p:Package {name:'com.example.converter'})-[:CONTAINS]->(c:Class)-[:HAS_FIELD]->(f:Field {name:'instance'}) RETURN c.name"
"Show me all methods that are 'protected'.","MATCH (m:Method) WHERE m.signature CONTAINS 'protected' RETURN m.name"
"What is the parent class of 'BaseConverter'?","MATCH (c:Class {name:'BaseConverter'}) RETURN c.extension"
"Find method calls from any 'Factory' to any 'Builder'.","MATCH (f:Class)-[:HAS_METHOD]->(fm:Method)-[:CALLS]->(bm:Method)<-[:HAS_METHOD]-(b:Class) WHERE f.name ENDS WITH 'Factory' AND b.name ENDS WITH 'Builder' RETURN f.name, fm.name, b.name, bm.name"
"List all methods in the 'FileHandler' class.","MATCH (c:Class {name:'FileHandler'})-[:HAS_METHOD]->(m) RETURN m.signature"
"Which other methods call the 'readFile' method?","MATCH (caller:Method)-[:CALLS]->(m:Method {name:'readFile'}) RETURN caller.name"
"What are the fields in the 'FileData' class?","MATCH (c:Class {name:'FileData'})-[:HAS_FIELD]->(f) RETURN f.name"
"Find all classes in the 'com.example.io' package.","MATCH (p:Package {name:'com.example.io'})-[:CONTAINS]->(c:Class) RETURN c.name"
"Get the method signature for 'writeFile' in 'FileHandler'.","MATCH (c:Class {name:'FileHandler'})-[:HAS_METHOD]->(m:Method {name:'writeFile'}) RETURN m.signature"
"What methods does 'closeStream' call?","MATCH (m:Method {name:'closeStream'})-[:CALLS]->(callee) RETURN callee.name"
"Which classes implement the 'Closeable' interface?","MATCH (c:Class)-[:IMPLEMENTS_INTERFACE]->(i:Interface {name:'Closeable'}) RETURN c.name"
"Find all methods that return a 'File'.","MATCH (m:Method) WHERE m.signature ENDS WITH 'File' RETURN m.name"
"How many classes are in the 'util' package?","MATCH (p:Package {name:'util'})-[:CONTAINS]->(c:Class) RETURN count(c)"
"Show me all the methods in the 'HttpConnection' class.","MATCH (c:Class {name:'HttpConnection'})-[:HAS_METHOD]->(m) RETURN m.signature"
"Who calls the 'connect' method?","MATCH (caller:Method)-[:CALLS]->(m:Method {name:'connect'}) RETURN caller.name"
"List all fields in the 'Request' class.","MATCH (c:Class {name:'Request'})-[:HAS_FIELD]->(f) RETURN f.name"
"Find all classes in the 'com.example.net' package.","MATCH (p:Package {name:'com.example.net'})-[:CONTAINS]->(c:Class) RETURN c.name"
"Get the code for the 'disconnect' method.","MATCH (m:Method {name:'disconnect'}) RETURN m.code"
"Which classes import 'java.net.Socket'?","MATCH (c:Class)-[:IMPORTS]->(i:Class {name:'java.net.Socket'}) RETURN c.name"
"Find all methods that have a 'final' keyword in their signature.","MATCH (m:Method) WHERE m.signature CONTAINS ' final ' RETURN m.name"
"Count method calls for each method.","MATCH (caller:Method)-[r:CALLS]->(callee:Method) RETURN callee.name, count(r)"
"Show me the path of the 'Constants' class.","MATCH (c:Class {name:'Constants'}) RETURN c.file_path"
"List all methods that are both 'public' and 'static'.","MATCH (m:Method) WHERE m.signature STARTS WITH 'public static' RETURN m.name"
"Find the class with the name 'Validator'.","MATCH (c:Class {name:'Validator'}) RETURN c.name"
"What does 'validate' method call?","MATCH (m:Method {name:'validate'})-[:CALLS]->(callee) RETURN callee.name"
"Who calls 'check'?","MATCH (caller:Method)-[:CALLS]->(m:Method {name:'check'}) RETURN caller.name"
"Get all fields for the 'Validation' class.","MATCH (c:Class {name:'Validation'})-[:HAS_FIELD]->(f) RETURN f.name"
"What interfaces are in the 'validation' package?","MATCH (p:Package {name:'validation'})-[:CONTAINS]->(i:Interface) RETURN i.name"
"Show the signature of 'isValid' in 'Validatable' interface.","MATCH (i:Interface {name:'Validatable'})-[:HAS_METHOD]->(m:Method {name:'isValid'}) RETURN m.signature"
"Which classes have no superclass?","MATCH (c:Class) WHERE c.extension IS NULL RETURN c.name"
"Find all methods whose name contains 'config'.","MATCH (m:Method) WHERE m.name CONTAINS 'config' RETURN m.name"
"Get the file path for the 'AppConfiguration' class.","MATCH (c:Class {name:'AppConfiguration'}) RETURN c.file_path"
"What does the 'load' method call?","MATCH (m:Method {name:'load'})-[:CALLS]->(callee) RETURN callee.name"
"Which methods are called by 'save'?","MATCH (m:Method {name:'save'})-[:CALLS]->(callee) RETURN callee.name"
"Find all methods in 'ConfigurationManager'.","MATCH (c:Class {name:'ConfigurationManager'})-[:HAS_METHOD]->(m) RETURN m.name"
"Who calls 'getConfig'?","MATCH (caller:Method)-[:CALLS]->(m:Method {name:'getConfig'}) RETURN caller.name"
"List the fields for 'Config' class.","MATCH (c:Class {name:'Config'})-[:HAS_FIELD]->(f) RETURN f.name"
"Find all interfaces in the 'config' package.","MATCH (p:Package {name:'config'})-[:CONTAINS]->(i:Interface) RETURN i.name"
"Get the code for 'getProperty' method.","MATCH (m:Method {name:'getProperty'}) RETURN m.code"
"Which classes in 'com.example.config' implement an interface?","MATCH (p:Package {name:'com.example.config'})-[:CONTAINS]->(c:Class)-[:IMPLEMENTS_INTERFACE]->(i) RETURN c.name, i.name"
"Show me all methods that return 'void'.","MATCH (m:Method) WHERE m.signature CONTAINS ' void ' RETURN m.name"
"What is the parent class of 'BaseConfig'?","MATCH (c:Class {name:'BaseConfig'}) RETURN c.extension"
"Find method calls from any 'Manager' to any 'Provider'.","MATCH (mgr:Class)-[:HAS_METHOD]->(mgr_m:Method)-[:CALLS]->(p_m:Method)<-[:HAS_METHOD]-(p:Class) WHERE mgr.name ENDS WITH 'Manager' AND p.name ENDS WITH 'Provider' RETURN mgr.name, p.name"
"List all methods in the 'Provider' class.","MATCH (c:Class {name:'Provider'})-[:HAS_METHOD]->(m) RETURN m.signature"
"Which other methods call the 'get' method?","MATCH (caller:Method)-[:CALLS]->(m:Method {name:'get'}) RETURN caller.name"
"What are the fields in the 'ProviderData' class?","MATCH (c:Class {name:'ProviderData'})-[:HAS_FIELD]->(f) RETURN f.name"
"Find all classes in the 'com.example.provider' package.","MATCH (p:Package {name:'com.example.provider'})-[:CONTAINS]->(c:Class) RETURN c.name"
"Get the method signature for 'create' in 'ProviderFactory'.","MATCH (c:Class {name:'ProviderFactory'})-[:HAS_METHOD]->(m:Method {name:'create'}) RETURN m.signature"
"What methods does 'provide' call?","MATCH (m:Method {name:'provide'})-[:CALLS]->(callee) RETURN callee.name"
"Which classes implement the 'Provider' interface?","MATCH (c:Class)-[:IMPLEMENTS_INTERFACE]->(i:Interface {name:'Provider'}) RETURN c.name"
"Find all methods that return a 'Provider'.","MATCH (m:Method) WHERE m.signature ENDS WITH 'Provider' RETURN m.name"
"How many interfaces are in the project?","MATCH (i:Interface) RETURN count(i)"
"Show me all the methods in the 'Parser' class.","MATCH (c:Class {name:'Parser'})-[:HAS_METHOD]->(m) RETURN m.signature"
"Who calls the 'parse' method in 'Parser'?","MATCH (caller:Method)-[:CALLS]->(callee:Method {name:'parse'})<-[:HAS_METHOD]-(:Class {name:'Parser'}) RETURN caller.name"
"List all fields in the 'ParseResult' class.","MATCH (c:Class {name:'ParseResult'})-[:HAS_FIELD]->(f) RETURN f.name"
"Find all classes in the 'com.example.parser' package.","MATCH (p:Package {name:'com.example.parser'})-[:CONTAINS]->(c:Class) RETURN c.name"
"Get the code for the 'build' method.","MATCH (m:Method {name:'build'}) RETURN m.code"
"Which classes import 'java.io.InputStream'?","MATCH (c:Class)-[:IMPORTS]->(i:Class {name:'java.io.InputStream'}) RETURN c.name"
"Find all methods that have a 'throws' clause.","MATCH (m:Method) WHERE m.signature CONTAINS 'throws' RETURN m.name"
"Find the most commonly called method.","MATCH (caller:Method)-[r:CALLS]->(callee:Method) RETURN callee.name, count(r) ORDER BY count(r) DESC LIMIT 1"
"Show me the path of the 'pom.xml' file.","MATCH (f:File {path:'pom.xml'}) RETURN f.path"
"List all methods that are not 'public', 'private', or 'protected'.","MATCH (m:Method) WHERE NOT m.signature STARTS WITH 'public' AND NOT m.signature STARTS WITH 'private' AND NOT m.signature STARTS WITH 'protected' RETURN m.name"
"Find the class with the name 'XmlBuilder'.","MATCH (c:Class {name:'XmlBuilder'}) RETURN c.name"
"What does the 'buildXml' method call?","MATCH (m:Method {name:'buildXml'})-[:CALLS]->(callee) RETURN callee.name"
"Who calls 'getElement'?","MATCH (caller:Method)-[:CALLS]->(m:Method {name:'getElement'}) RETURN caller.name"
"Get all fields for the 'XmlElement' class.","MATCH (c:Class {name:'XmlElement'})-[:HAS_FIELD]->(f) RETURN f.name"
"What interfaces are in the 'xml' package?","MATCH (p:Package {name:'xml'})-[:CONTAINS]->(i:Interface) RETURN i.name"
"Show the signature of 'addAttribute' in 'Element' interface.","MATCH (i:Interface {name:'Element'})-[:HAS_METHOD]->(m:Method {name:'addAttribute'}) RETURN m.signature"
"Which classes are declared as 'final'?","MATCH (c:Class) WHERE c.signature CONTAINS 'final class' RETURN c.name"
"Find all methods whose name starts with 'get'.","MATCH (m:Method) WHERE m.name STARTS WITH 'get' RETURN m.name"
"Get the file path for the 'JsonParser' class.","MATCH (c:Class {name:'JsonParser'}) RETURN c.file_path"
"What does the 'toJson' method call?","MATCH (m:Method {name:'toJson'})-[:CALLS]->(callee) RETURN callee.name"
"Which methods are called by 'fromJson'?","MATCH (m:Method {name:'fromJson'})-[:CALLS]->(callee) RETURN callee.name"
"Find all methods in 'JsonHandler'.","MATCH (c:Class {name:'JsonHandler'})-[:HAS_METHOD]->(m) RETURN m.name"
"Who calls 'writeValue'?","MATCH (caller:Method)-[:CALLS]->(m:Method {name:'writeValue'}) RETURN caller.name"
"List the fields for 'JsonResponse' class.","MATCH (c:Class {name:'JsonResponse'})-[:HAS_FIELD]->(f) RETURN f.name"
"Find all interfaces in the 'json' package.","MATCH (p:Package {name:'json'})-[:CONTAINS]->(i:Interface) RETURN i.name"
"Get the code for 'read' method.","MATCH (m:Method {name:'read'}) RETURN m.code"
"Which classes in 'com.example.json' have no fields?","MATCH (p:Package {name:'com.example.json'})-[:CONTAINS]->(c:Class) WHERE NOT (c)-[:HAS_FIELD]->() RETURN c.name"
"Show me all methods that return a 'Map'.","MATCH (m:Method) WHERE m.signature CONTAINS 'Map<' RETURN m.name"
"What is the parent class of 'AbstractHandler'?","MATCH (c:Class {name:'AbstractHandler'}) RETURN c.extension"
"Find circular dependencies between classes.","MATCH (c1:Class)-[:IMPORTS]->(c2:Class), (c2:Class)-[:IMPORTS]->(c1:Class) RETURN c1.name, c2.name"
"List all methods in the 'MathUtil' class.","MATCH (c:Class {name:'MathUtil'})-[:HAS_METHOD]->(m) RETURN m.signature"
"Which other methods call the 'calculate' method?","MATCH (caller:Method)-[:CALLS]->(m:Method {name:'calculate'}) RETURN caller.name"
"What are the fields in the 'Matrix' class?","MATCH (c:Class {name:'Matrix'})-[:HAS_FIELD]->(f) RETURN f.name"
"Find all classes in the 'com.example.math' package.","MATCH (p:Package {name:'com.example.math'})-[:CONTAINS]->(c:Class) RETURN c.name"
"Get the method signature for 'multiply' in 'Matrix'.","MATCH (c:Class {name:'Matrix'})-[:HAS_METHOD]->(m:Method {name:'multiply'}) RETURN m.signature"
"What methods does 'add' call?","MATCH (m:Method {name:'add'})-[:CALLS]->(callee) RETURN callee.name"
"Which classes implement the 'Operation' interface?","MATCH (c:Class)-[:IMPLEMENTS_INTERFACE]->(i:Interface {name:'Operation'}) RETURN c.name"
"Find all methods that return a 'Double'.","MATCH (m:Method) WHERE m.signature ENDS WITH 'Double' RETURN m.name"
"How many methods does each class in the 'service' package have?","MATCH (p:Package {name:'service'})-[:CONTAINS]->(c:Class)-[:HAS_METHOD]->(m) RETURN c.name, count(m)"
"Show me all the methods in the 'Executor' class.","MATCH (c:Class {name:'Executor'})-[:HAS_METHOD]->(m) RETURN m.signature"
"Who calls the 'submit' method?","MATCH (caller:Method)-[:CALLS]->(m:Method {name:'submit'}) RETURN caller.name"
"List all fields in the 'Result' class.","MATCH (c:Class {name:'Result'})-[:HAS_FIELD]->(f) RETURN f.name"
"Find all classes in the 'com.example.concurrent' package.","MATCH (p:Package {name:'com.example.concurrent'})-[:CONTAINS]->(c:Class) RETURN c.name"
"Get the code for the 'get' method of 'Result'.","MATCH (c:Class {name:'Result'})-[:HAS_METHOD]->(m:Method {name:'get'}) RETURN m.code"
"Which classes import 'java.util.concurrent.Future'?","MATCH (c:Class)-[:IMPORTS]->(i:Class {name:'java.util.concurrent.Future'}) RETURN c.name"
"Find all methods that have an annotation '@Override'.","MATCH (m:Method) WHERE m.code CONTAINS '@Override' RETURN m.name"
"Find the deepest method call chain.","MATCH p=(m1:Method)-[:CALLS*]->(m2:Method) RETURN p ORDER BY length(p) DESC LIMIT 1"
"Show me the path of the 'build.xml' file.","MATCH (f:File {path:'build.xml'}) RETURN f.path"
"List all methods that are 'abstract'.","MATCH (m:Method) WHERE m.signature CONTAINS 'abstract' RETURN m.name"
"Find the class with the name 'Factory'.","MATCH (c:Class {name:'Factory'}) RETURN c.name"
"What does the 'create' method call?","MATCH (m:Method {name:'create'})-[:CALLS]->(callee) RETURN callee.name"
"Who calls 'build'?","MATCH (caller:Method)-[:CALLS]->(m:Method {name:'build'}) RETURN caller.name"
"Get all fields for the 'Cache' class.","MATCH (c:Class {name:'Cache'})-[:HAS_FIELD]->(f) RETURN f.name"
"What interfaces are in the 'factory' package?","MATCH (p:Package {name:'factory'})-[:CONTAINS]->(i:Interface) RETURN i.name"
"Show the signature of 'newInstance' in 'Factory' interface.","MATCH (i:Interface {name:'Factory'})-[:HAS_METHOD]->(m:Method {name:'newInstance'}) RETURN m.signature"
"Which classes are never instantiated?","MATCH (c:Class) WHERE NOT ()-[:CALLS]->(m:Method {name:c.name}) RETURN c.name"
"Find all methods whose name starts with 'is' or 'has'.","MATCH (m:Method) WHERE m.name STARTS WITH 'is' OR m.name STARTS WITH 'has' RETURN m.name"
"Get the file path for the 'I18n' interface.","MATCH (i:Interface {name:'I18n'}) RETURN i.file_path"
"What does the 'getMessage' method call?","MATCH (m:Method {name:'getMessage'})-[:CALLS]->(callee) RETURN callee.name"
"Which methods are called by 'loadBundle'?","MATCH (m:Method {name:'loadBundle'})-[:CALLS]->(callee) RETURN callee.name"
"Find all methods in 'Locale'.","MATCH (c:Class {name:'Locale'})-[:HAS_METHOD]->(m) RETURN m.name"
"Who calls 'resolve'?","MATCH (caller:Method)-[:CALLS]->(m:Method {name:'resolve'}) RETURN caller.name"
"List the fields for 'Bundle' class.","MATCH (c:Class {name:'Bundle'})-[:HAS_FIELD]->(f) RETURN f.name"
"Find all interfaces in the 'i18n' package.","MATCH (p:Package {name:'i18n'})-[:CONTAINS]->(i:Interface) RETURN i.name"
"Get the code for 'getString' method.","MATCH (m:Method {name:'getString'}) RETURN m.code"
"Which classes in 'com.example.i18n' extends another class?","MATCH (p:Package {name:'com.example.i18n'})-[:CONTAINS]->(c:Class) WHERE c.extension IS NOT NULL RETURN c.name"
"Show me all methods that return an 'Array'.","MATCH (m:Method) WHERE m.signature CONTAINS '[]' RETURN m.name"
"What is the parent class of 'BaseRepository'?","MATCH (c:Class {name:'BaseRepository'}) RETURN c.extension"
"Find all data access methods.","MATCH (m:Method) WHERE m.name STARTS WITH 'find' OR m.name STARTS WITH 'get' OR m.name STARTS WITH 'save' OR m.name STARTS WITH 'delete' RETURN m.name"
"List all methods in the 'AccountDao' class.","MATCH (c:Class {name:'AccountDao'})-[:HAS_METHOD]->(m) RETURN m.signature"
"Which other methods call the 'findAccountByName' method?","MATCH (caller:Method)-[:CALLS]->(m:Method {name:'findAccountByName'}) RETURN caller.name"
"What are the fields in the 'Account' class?","MATCH (c:Class {name:'Account'})-[:HAS_FIELD]->(f) RETURN f.name"
"Find all classes in the 'com.example.dao' package.","MATCH (p:Package {name:'com.example.dao'})-[:CONTAINS]->(c:Class) RETURN c.name"
"Get the method signature for 'updateAccount' in 'AccountDao'.","MATCH (c:Class {name:'AccountDao'})-[:HAS_METHOD]->(m:Method {name:'updateAccount'}) RETURN m.signature"
"What methods does 'deleteAccount' call?","MATCH (m:Method {name:'deleteAccount'})-[:CALLS]->(callee) RETURN callee.name"
"Which classes implement the 'Dao' interface?","MATCH (c:Class)-[:IMPLEMENTS_INTERFACE]->(i:Interface {name:'Dao'}) RETURN c.name"
"Find all methods that return a 'Long'.","MATCH (m:Method) WHERE m.signature ENDS WITH 'Long' RETURN m.name"
"How many methods in 'AccountService' are public?","MATCH (c:Class {name:'AccountService'})-[:HAS_METHOD]->(m) WHERE m.signature STARTS WITH 'public' RETURN count(m)"
"Show me all the methods in the 'Migration' class.","MATCH (c:Class {name:'Migration'})-[:HAS_METHOD]->(m) RETURN m.signature"
"Who calls the 'run' method?","MATCH (caller:Method)-[:CALLS]->(m:Method {name:'run'}) RETURN caller.name"
"List all fields in the 'Schema' class.","MATCH (c:Class {name:'Schema'})-[:HAS_FIELD]->(f) RETURN f.name"
"Find all classes in the 'com.example.db' package.","MATCH (p:Package {name:'com.example.db'})-[:CONTAINS]->(c:Class) RETURN c.name"
"Get the code for the 'update' method.","MATCH (m:Method {name:'update'}) RETURN m.code"
"Which classes import 'java.sql.Statement'?","MATCH (c:Class)-[:IMPORTS]->(i:Class {name:'java.sql.Statement'}) RETURN c.name"
"Find all methods that have a 'Connection' parameter.","MATCH (m:Method) WHERE m.signature CONTAINS '(Connection ' RETURN m.name"
"Find the class with the most outgoing method calls.","MATCH (c:Class)-[:HAS_METHOD]->(m)-[r:CALLS]->() RETURN c.name, count(r) ORDER BY count(r) DESC LIMIT 1"
"Show me the path of the 'Dockerfile' file.","MATCH (f:File {path:'Dockerfile'}) RETURN f.path"
"List all methods that are 'strictfp'.","MATCH (m:Method) WHERE m.signature CONTAINS 'strictfp' RETURN m.name"
"Find the class with the name 'Endpoint'.","MATCH (c:Class {name:'Endpoint'}) RETURN c.name"
"What does the 'register' method call?","MATCH (m:Method {name:'register'})-[:CALLS]->(callee) RETURN callee.name"
"Who calls 'unregister'?","MATCH (caller:Method)-[:CALLS]->(m:Method {name:'unregister'}) RETURN caller.name"
"Get all fields for the 'EndpointConfig' class.","MATCH (c:Class {name:'EndpointConfig'})-[:HAS_FIELD]->(f) RETURN f.name"
"What interfaces are in the 'endpoint' package?","MATCH (p:Package {name:'endpoint'})-[:CONTAINS]->(i:Interface) RETURN i.name"
"Show the signature of 'handle' in 'Handler' interface.","MATCH (i:Interface {name:'Handler'})-[:HAS_METHOD]->(m:Method {name:'handle'}) RETURN m.signature"
"Which classes have a name collision?","MATCH (c1:Class), (c2:Class) WHERE c1.name = c2.name AND c1.package <> c2.package RETURN c1.name"
"Find all methods whose name is a single character.","MATCH (m:Method) WHERE size(m.name) = 1 RETURN m.name"
"Get the file path for the 'LICENSE' file.","MATCH (f:File {path:'LICENSE'}) RETURN f.path"
"What does the 'main' method call?","MATCH (m:Method {name:'main'})-[:CALLS]->(callee) RETURN callee.name"
"Which methods are called by the constructor of 'App'?","MATCH (m:Method {name:'App'})-[:CALLS]->(callee) RETURN callee.name"
"Find all methods in 'App'.","MATCH (c:Class {name:'App'})-[:HAS_METHOD]->(m) RETURN m.name"
"Who calls 'start'?","MATCH (caller:Method)-[:CALLS]->(m:Method {name:'start'}) RETURN caller.name"
"List the fields for 'Context' class.","MATCH (c:Class {name:'Context'})-[:HAS_FIELD]->(f) RETURN f.name"
"Find all interfaces in the main package.","MATCH (p:Package {name:'com.example'})-[:CONTAINS]->(i:Interface) RETURN i.name"
"Get the code for 'init' method.","MATCH (m:Method {name:'init'}) RETURN m.code"
"Which classes in the main package have fields?","MATCH (p:Package {name:'com.example'})-[:CONTAINS]->(c:Class)-[:HAS_FIELD]->(f) RETURN c.name"
"Show me all methods that return 'this'.","MATCH (m:Method) WHERE m.code CONTAINS 'return this' RETURN m.name"
"What is the parent class of 'Generic'?","MATCH (c:Class {name:'Generic'}) RETURN c.extension"
"Find all classes that are part of the public API.","MATCH (c:Class) WHERE c.package STARTS WITH 'com.example.api' RETURN c.name"
"List all methods in the 'Health' class.","MATCH (c:Class {name:'Health'})-[:HAS_METHOD]->(m) RETURN m.signature"
"Which other methods call the 'check' method?","MATCH (caller:Method)-[:CALLS]->(m:Method {name:'check'}) RETURN caller.name"
"What are the fields in the 'Status' class?","MATCH (c:Class {name:'Status'})-[:HAS_FIELD]->(f) RETURN f.name"
"Find all classes in the 'com.example.health' package.","MATCH (p:Package {name:'com.example.health'})-[:CONTAINS]->(c:Class) RETURN c.name"
"Get the method signature for 'getStatus' in 'Health'.","MATCH (c:Class {name:'Health'})-[:HAS_METHOD]->(m:Method {name:'getStatus'}) RETURN m.signature"
"What methods does 'ping' call?","MATCH (m:Method {name:'ping'})-[:CALLS]->(callee) RETURN callee.name"
"Which classes implement the 'Indicator' interface?","MATCH (c:Class)-[:IMPLEMENTS_INTERFACE]->(i:Interface {name:'Indicator'}) RETURN c.name"
"Find all methods that return an 'enum' type.","MATCH (m:Method)-[:RETURNS]->(e:Enum) RETURN m.name, e.name"
"How many classes implement at least one interface?","MATCH (c:Class)-[:IMPLEMENTS_INTERFACE]->() RETURN count(c)"
"Show me all the methods in the 'Socket' class.","MATCH (c:Class {name:'Socket'})-[:HAS_METHOD]->(m) RETURN m.signature"
"Who calls the 'onOpen' method?","MATCH (caller:Method)-[:CALLS]->(m:Method {name:'onOpen'}) RETURN caller.name"
"List all fields in the 'Session' class.","MATCH (c:Class {name:'Session'})-[:HAS_FIELD]->(f) RETURN f.name"
"Find all classes in the 'com.example.socket' package.","MATCH (p:Package {name:'com.example.socket'})-[:CONTAINS]->(c:Class) RETURN c.name"
"Get the code for the 'onMessage' method.","MATCH (m:Method {name:'onMessage'}) RETURN m.code"
"Which classes import 'java.net.Socket'?","MATCH (c:Class)-[:IMPORTS]->(i:Class {name:'java.net.Socket'}) RETURN c.name"
"Find all methods that have a 'Session' parameter.","MATCH (m:Method) WHERE m.signature CONTAINS '(Session ' RETURN m.name"
"Find classes with more than 20 methods.","MATCH (c:Class)-[:HAS_METHOD]->(m) WITH c, count(m) AS methodCount WHERE methodCount > 20 RETURN c.name"
"Show me the path of the '.gitignore' file.","MATCH (f:File {path:'.gitignore'}) RETURN f.path"
"List all methods that call 'System.exit'.","MATCH (m:Method)-[:CALLS]->(callee:Method {name:'System.exit'}) RETURN m.name"
"Find the class with the name 'Batch'.","MATCH (c:Class {name:'Batch'}) RETURN c.name"
"What does the 'process' method call in 'Batch'?","MATCH (c:Class {name:'Batch'})-[:HAS_METHOD]->(m:Method {name:'process'})-[:CALLS]->(callee) RETURN callee.name"
"Who calls 'start'?","MATCH (caller:Method)-[:CALLS]->(m:Method {name:'start'}) RETURN caller.name"
"Get all fields for the 'Job' class.","MATCH (c:Class {name:'Job'})-[:HAS_FIELD]->(f) RETURN f.name"
"What interfaces are in the 'batch' package?","MATCH (p:Package {name:'batch'})-[:CONTAINS]->(i:Interface) RETURN i.name"
"Show the signature of 'run' in 'Job' interface.","MATCH (i:Interface {name:'Job'})-[:HAS_METHOD]->(m:Method {name:'run'}) RETURN m.signature"
"Which classes are part of a batch job?","MATCH (c:Class) WHERE c.package CONTAINS 'batch' RETURN c.name"
"Find all methods whose name contains 'batch'.","MATCH (m:Method) WHERE m.name CONTAINS 'batch' RETURN m.name"
"Get the file path for the 'BatchConfig' class.","MATCH (c:Class {name:'BatchConfig'}) RETURN c.file_path"
"What does the 'step' method call?","MATCH (m:Method {name:'step'})-[:CALLS]->(callee) RETURN callee.name"
"Which methods are called by 'job'?","MATCH (m:Method {name:'job'})-[:CALLS]->(callee) RETURN callee.name"
"Find all methods in 'Reader'.","MATCH (c:Class {name:'Reader'})-[:HAS_METHOD]->(m) RETURN m.name"
"Who calls 'read'?","MATCH (caller:Method)-[:CALLS]->(m:Method {name:'read'}) RETURN caller.name"
"List the fields for 'Status' enum.","MATCH (e:Enum {name:'Status'})-[:HAS_FIELD]->(f) RETURN f.name"
"Find all enums in the 'batch.model' package.","MATCH (p:Package {name:'batch.model'})-[:CONTAINS]->(e:Enum) RETURN e.name"
"Get the code for 'write' method in 'Writer'.","MATCH (c:Class {name:'Writer'})-[:HAS_METHOD]->(m:Method {name:'write'}) RETURN m.code"
"Which classes in 'com.example.batch' are listeners?","MATCH (p:Package {name:'com.example.batch'})-[:CONTAINS]->(c:Class) WHERE c.name CONTAINS 'Listener' RETURN c.name"
"Show me all methods that return a 'Job'.","MATCH (m:Method) WHERE m.signature ENDS WITH 'Job' RETURN m.name"
"What is the parent class of 'Abstract'?","MATCH (c:Class {name:'Abstract'}) RETURN c.extension"
"Find all orphaned methods.","MATCH (f:File)-[:CONTAINS_TYPE]->(m:Method) WHERE NOT (f)-[:CONTAINS_TYPE]->(:Class) AND NOT (f)-[:CONTAINS_TYPE]->(:Interface) RETURN m.name"
"List all methods in the 'GQL' class.","MATCH (c:Class {name:'GQL'})-[:HAS_METHOD]->(m) RETURN m.signature"
"Which other methods call the 'query' method?","MATCH (caller:Method)-[:CALLS]->(m:Method {name:'query'}) RETURN caller.name"
"What are the fields in the 'GQLRequest' class?","MATCH (c:Class {name:'GQLRequest'})-[:HAS_FIELD]->(f) RETURN f.name"
"Find all classes in the 'com.example.gql' package.","MATCH (p:Package {name:'com.example.gql'})-[:CONTAINS]->(c:Class) RETURN c.name"
"Get the method signature for 'mutation' in 'GQL'.","MATCH (c:Class {name:'GQL'})-[:HAS_METHOD]->(m:Method {name:'mutation'}) RETURN m.signature"
"What methods does 'execute' call?","MATCH (m:Method {name:'execute'})-[:CALLS]->(callee) RETURN callee.name"
"Which classes implement the 'Fetcher' interface?","MATCH (c:Class)-[:IMPLEMENTS_INTERFACE]->(i:Interface {name:'Fetcher'}) RETURN c.name"
"Find all methods that return a 'GQLResponse'.","MATCH (m:Method) WHERE m.signature ENDS WITH 'GQLResponse' RETURN m.name"
"How many fields does 'User' class have?","MATCH (c:Class {name:'User'})-[:HAS_FIELD]->(f) RETURN count(f)"
"Show me all the methods in the 'Metric' class.","MATCH (c:Class {name:'Metric'})-[:HAS_METHOD]->(m) RETURN m.signature"
"Who calls the 'filter' method?","MATCH (caller:Method)-[:CALLS]->(m:Method {name:'filter'}) RETURN caller.name"
"List all fields in the 'MetricData' class.","MATCH (c:Class {name:'MetricData'})-[:HAS_FIELD]->(f) RETURN f.name"
"Find all classes in the 'com.example.metric' package.","MATCH (p:Package {name:'com.example.metric'})-[:CONTAINS]->(c:Class) RETURN c.name"
"Get the code for the 'record' method.","MATCH (m:Method {name:'record'}) RETURN m.code"
"Which classes import 'io.micrometer.core.instrument.MeterRegistry'?","MATCH (c:Class)-[:IMPORTS]->(i:Class {name:'io.micrometer.core.instrument.MeterRegistry'}) RETURN c.name"
"Find all methods that have a 'Timer' parameter.","MATCH (m:Method) WHERE m.signature CONTAINS '(Timer ' RETURN m.name"
"Find classes that are not in any package.","MATCH (c:Class) WHERE c.package IS NULL RETURN c.name"
"Show me the path of the 'settings.xml' file.","MATCH (f:File {path:'settings.xml'}) RETURN f.path"
"List all methods that call themselves.","MATCH (m:Method)-[:CALLS]->(m) RETURN m.name"
"Find the class with the name 'Proxy'.","MATCH (c:Class {name:'Proxy'}) RETURN c.name"
"What does the 'invoke' method call?","MATCH (m:Method {name:'invoke'})-[:CALLS]->(callee) RETURN callee.name"
"Who calls 'getProxy'?","MATCH (caller:Method)-[:CALLS]->(m:Method {name:'getProxy'}) RETURN caller.name"
"Get all fields for the 'Advised' class.","MATCH (c:Class {name:'Advised'})-[:HAS_FIELD]->(f) RETURN f.name"
"What interfaces are in the 'aop' package?","MATCH (p:Package {name:'aop'})-[:CONTAINS]->(i:Interface) RETURN i.name"
"Show the signature of 'getTarget' in 'Advised' interface.","MATCH (i:Interface {name:'Advised'})-[:HAS_METHOD]->(m:Method {name:'getTarget'}) RETURN m.signature"
"Which classes are AOP advices?","MATCH (c:Class) WHERE c.name ENDS WITH 'Advice' RETURN c.name"
"Find all methods whose name contains 'aspect'.","MATCH (m:Method) WHERE m.name CONTAINS 'aspect' RETURN m.name"
"Get the file path for the 'Pointcut' interface.","MATCH (i:Interface {name:'Pointcut'}) RETURN i.file_path"
"What does the 'matches' method call?","MATCH (m:Method {name:'matches'})-[:CALLS]->(callee) RETURN callee.name"
"Which methods are called by 'getPointcut'?","MATCH (m:Method {name:'getPointcut'})-[:CALLS]->(callee) RETURN callee.name"
"Find all methods in 'Aspect'.","MATCH (c:Class {name:'Aspect'})-[:HAS_METHOD]->(m) RETURN m.name"
"Who calls 'setExpression'?","MATCH (caller:Method)-[:CALLS]->(m:Method {name:'setExpression'}) RETURN caller.name"
"List the fields for 'Proxy' class.","MATCH (c:Class {name:'Proxy'})-[:HAS_FIELD]->(f) RETURN f.name"
"Find all interfaces in the 'aop.framework' package.","MATCH (p:Package {name:'aop.framework'})-[:CONTAINS]->(i:Interface) RETURN i.name"
"Get the code for 'addAdvice' method.","MATCH (m:Method {name:'addAdvice'}) RETURN m.code"
"Which classes in 'com.example.aop' have a method starting with 'before'?","MATCH (p:Package {name:'com.example.aop'})-[:CONTAINS]->(c:Class)-[:HAS_METHOD]->(m) WHERE m.name STARTS WITH 'before' RETURN c.name"
"Show me all methods that return a 'Pointcut'.","MATCH (m:Method) WHERE m.signature ENDS WITH 'Pointcut' RETURN m.name"
"What is the parent class of 'AbstractProxy'?","MATCH (c:Class {name:'AbstractProxy'}) RETURN c.extension"
"Find all god classes.","MATCH (c:Class)-[:HAS_METHOD]->(m) WITH c, count(m) AS methodCount WHERE methodCount > 50 RETURN c.name"
"List all methods in the 'Transaction' class.","MATCH (c:Class {name:'Transaction'})-[:HAS_METHOD]->(m) RETURN m.signature"
"Which other methods call the 'commit' method?","MATCH (caller:Method)-[:CALLS]->(m:Method {name:'commit'}) RETURN caller.name"
"What are the fields in the 'TxStatus' class?","MATCH (c:Class {name:'TxStatus'})-[:HAS_FIELD]->(f) RETURN f.name"
"Find all classes in the 'com.example.transaction' package.","MATCH (p:Package {name:'com.example.transaction'})-[:CONTAINS]->(c:Class) RETURN c.name"
"Get the method signature for 'rollback' in 'Transaction'.","MATCH (c:Class {name:'Transaction'})-[:HAS_METHOD]->(m:Method {name:'rollback'}) RETURN m.signature"
"What methods does 'begin' call?","MATCH (m:Method {name:'begin'})-[:CALLS]->(callee) RETURN callee.name"
"Which classes implement the 'Platform' interface?","MATCH (c:Class)-[:IMPLEMENTS_INTERFACE]->(i:Interface {name:'Platform'}) RETURN c.name"
"Find all methods that return a 'Transaction'.","MATCH (m:Method) WHERE m.signature ENDS WITH 'Transaction' RETURN m.name"
"How many methods are in the 'Support' class?","MATCH (c:Class {name:'Support'})-[:HAS_METHOD]->(m) RETURN count(m)"
"Show me all the methods in the 'Event' class.","MATCH (c:Class {name:'Event'})-[:HAS_METHOD]->(m) RETURN m.signature"
"Who calls the 'publish' method?","MATCH (caller:Method)-[:CALLS]->(m:Method {name:'publish'}) RETURN caller.name"
"List all fields in the 'AppEvent' class.","MATCH (c:Class {name:'AppEvent'})-[:HAS_FIELD]->(f) RETURN f.name"
"Find all classes in the 'com.example.event' package.","MATCH (p:Package {name:'com.example.event'})-[:CONTAINS]->(c:Class) RETURN c.name"
"Get the code for the 'onEvent' method.","MATCH (m:Method {name:'onEvent'}) RETURN m.code"
"Which classes implement 'Listener'?","MATCH (c:Class)-[:IMPLEMENTS_INTERFACE]->(i:Interface {name:'Listener'}) RETURN c.name"
"Find all methods that have an 'Event' parameter.","MATCH (m:Method) WHERE m.signature CONTAINS '(Event ' RETURN m.name"
"Find classes that listen to events but don't publish any.","MATCH (c:Class)-[:IMPLEMENTS_INTERFACE]->(i:Interface {name:'Listener'}) WHERE NOT (c)-[:HAS_METHOD]->()-[:CALLS]->(m:Method {name:'publish'}) RETURN c.name"
"Show me the path of the 'log.xml' file.","MATCH (f:File {path:'log.xml'}) RETURN f.path"
"List all methods that call 'logger.info'.","MATCH (m:Method)-[:CALLS]->(callee:Method {name:'logger.info'}) RETURN m.name"
"Find the class with the name 'LogFactory'.","MATCH (c:Class {name:'LogFactory'}) RETURN c.name"
"What does the 'getLog' method call?","MATCH (m:Method {name:'getLog'})-[:CALLS]->(callee) RETURN callee.name"
"Who calls 'debug'?","MATCH (caller:Method)-[:CALLS]->(m:Method {name:'debug'}) RETURN caller.name"
"Get all fields for the 'LogContext' class.","MATCH (c:Class {name:'LogContext'})-[:HAS_FIELD]->(f) RETURN f.name"
"What interfaces are in the 'log' package?","MATCH (p:Package {name:'log'})-[:CONTAINS]->(i:Interface) RETURN i.name"
"Show the signature of 'log' in 'Log' interface.","MATCH (i:Interface {name:'Log'})-[:HAS_METHOD]->(m:Method {name:'log'}) RETURN m.signature"
"Which classes have a 'Log' field?","MATCH (c:Class)-[:HAS_FIELD]->(f:Field {type:'Log'}) RETURN c.name"
"Find all methods whose name contains 'log'.","MATCH (m:Method) WHERE m.name CONTAINS 'log' RETURN m.name"
"Get the file path for the 'Audit' class.","MATCH (c:Class {name:'Audit'}) RETURN c.file_path"
"What does the 'logAccess' method call?","MATCH (m:Method {name:'logAccess'})-[:CALLS]->(callee) RETURN callee.name"
"Which methods are called by 'logFailure'?","MATCH (m:Method {name:'logFailure'})-[:CALLS]->(callee) RETURN callee.name"
"Find all methods in 'Interceptor'.","MATCH (c:Class {name:'Interceptor'})-[:HAS_METHOD]->(m) RETURN m.name"
"Who calls 'audit'?","MATCH (caller:Method)-[:CALLS]->(m:Method {name:'audit'}) RETURN caller.name"
"List the fields for 'AuditEvent' class.","MATCH (c:Class {name:'AuditEvent'})-[:HAS_FIELD]->(f) RETURN f.name"
"Find all interfaces in the 'audit' package.","MATCH (p:Package {name:'audit'})-[:CONTAINS]->(i:Interface) RETURN i.name"
"Get the code for 'create' method.","MATCH (m:Method {name:'create'}) RETURN m.code"
"Which classes in 'com.example.audit' are annotated with '@Service'?","MATCH (p:Package {name:'com.example.audit'})-[:CONTAINS]->(c:Class) WHERE c.code CONTAINS '@Service' RETURN c.name"
"Show me all methods that return an 'AuditEvent'.","MATCH (m:Method) WHERE m.signature ENDS WITH 'AuditEvent' RETURN m.name"
"What is the parent class of 'AbstractAudit'?","MATCH (c:Class {name:'AbstractAudit'}) RETURN c.extension"
"Find all utility classes.","MATCH (c:Class) WHERE c.name ENDS WITH 'Utils' OR c.name ENDS WITH 'Util' RETURN c.name"
"List all methods in the 'Reflection' class.","MATCH (c:Class {name:'Reflection'})-[:HAS_METHOD]->(m) RETURN m.signature"
"Which other methods call the 'find' method?","MATCH (caller:Method)-[:CALLS]->(m:Method {name:'find'}) RETURN caller.name"
"What are the fields in the 'Callback' class?","MATCH (c:Class {name:'Callback'})-[:HAS_FIELD]->(f) RETURN f.name"
"Find all classes in the 'com.example.util.reflection' package.","MATCH (p:Package {name:'com.example.util.reflection'})-[:CONTAINS]->(c:Class) RETURN c.name"
"Get the method signature for 'make' in 'Reflection'.","MATCH (c:Class {name:'Reflection'})-[:HAS_METHOD]->(m:Method {name:'make'}) RETURN m.signature"
"What methods does 'doWith' call?","MATCH (m:Method {name:'doWith'})-[:CALLS]->(callee) RETURN callee.name"
"Which classes implement the 'Callback' interface?","MATCH (c:Class)-[:IMPLEMENTS_INTERFACE]->(i:Interface {name:'Callback'}) RETURN c.name"
"Find all methods that return a 'Field'.","MATCH (m:Method) WHERE m.signature ENDS WITH 'Field' RETURN m.name"
"How many static methods are in 'StringUtils'?","MATCH (c:Class {name:'StringUtils'})-[:HAS_METHOD]->(m) WHERE m.signature CONTAINS 'static' RETURN count(m)"
"Show me all the methods in the 'Scheduler' class.","MATCH (c:Class {name:'Scheduler'})-[:HAS_METHOD]->(m) RETURN m.signature"
"Who calls the 'schedule' method?","MATCH (caller:Method)-[:CALLS]->(m:Method {name:'schedule'}) RETURN caller.name"
"List all fields in the 'Trigger' class.","MATCH (c:Class {name:'Trigger'})-[:HAS_FIELD]->(f) RETURN f.name"
"Find all classes in the 'com.example.scheduler' package.","MATCH (p:Package {name:'com.example.scheduler'})-[:CONTAINS]->(c:Class) RETURN c.name"
"Get the code for the 'next' method.","MATCH (m:Method {name:'next'}) RETURN m.code"
"Which classes implement 'Configurer'?","MATCH (c:Class)-[:IMPLEMENTS_INTERFACE]->(i:Interface {name:'Configurer'}) RETURN c.name"
"Find all methods that have a 'Task' parameter.","MATCH (m:Method) WHERE m.signature CONTAINS '(Task ' RETURN m.name"
"Find classes that are scheduled tasks.","MATCH (c:Class)-[:HAS_METHOD]->(m) WHERE m.code CONTAINS '@Scheduled' RETURN c.name"
"Show me the path of the 'app.properties' file.","MATCH (f:File {path:'app.properties'}) RETURN f.path"
"List all methods that call 'super.clone()'.","MATCH (m:Method)-[:CALLS]->(callee:Method {name:'super.clone'}) RETURN m.name"
"Find all classes using Guava libraries.","MATCH (c:Class)-[:IMPORTS]->(i) WHERE i.package STARTS WITH 'com.google.common' RETURN c.name;"
"Show me methods that use 'Optional.ofNullable'.","MATCH (m:Method)-[:CALLS]->(callee) WHERE callee.signature CONTAINS 'Optional.ofNullable' RETURN m.name;"
"List all usages of 'Preconditions.checkNotNull'.","MATCH (m:Method)-[:CALLS]->(callee) WHERE callee.signature CONTAINS 'Preconditions.checkNotNull' RETURN m.name;"
"Find all classes that use a 'CacheLoader'.","MATCH (c:Class)-[:IMPLEMENTS_INTERFACE]->(i:Interface {name:'CacheLoader'}) RETURN c.name;"
"Which methods return an 'ImmutableList'?","MATCH (m:Method) WHERE m.signature CONTAINS 'ImmutableList' RETURN m.name;"
"Get all methods that use a 'Stream' API.","MATCH (m:Method) WHERE m.code CONTAINS '.stream()' RETURN m.name;"
"List all terminal operations on streams (e.g., collect, forEach).","MATCH (m:Method)-[:CALLS]->(callee) WHERE callee.name IN ['collect', 'forEach', 'reduce', 'count'] RETURN m.name;"
"Find all usages of 'flatMap'.","MATCH (m:Method)-[:CALLS]->(callee:Method {name:'flatMap'}) RETURN m.name;"
"Show me methods that use method references ('::').","MATCH (m:Method) WHERE m.code CONTAINS '::' RETURN m.name;"
"Which classes have a 'CompletableFuture' field?","MATCH (c:Class)-[:HAS_FIELD]->(f) WHERE f.type = 'CompletableFuture' RETURN c.name;"
"Get all methods that use 'thenApply' or 'thenCompose'.","MATCH (m:Method)-[:CALLS]->(callee) WHERE callee.name = 'thenApply' OR callee.name = 'thenCompose' RETURN m.name;"
"List all methods that handle asynchronous exceptions with 'exceptionally'.","MATCH (m:Method)-[:CALLS]->(callee:Method {name:'exceptionally'}) RETURN m.name;"
"Find all usages of 'CompletableFuture.allOf'.","MATCH (m:Method)-[:CALLS]->(callee:Method {name:'allOf'}) RETURN m.name;"
"Show me methods that create a 'ScheduledExecutorService'.","MATCH (m:Method)-[:CALLS]->(callee) WHERE callee.signature CONTAINS 'newScheduledThreadPool' RETURN m.name;"
"Which methods use 'ReentrantLock'?","MATCH (m:Method) WHERE m.code CONTAINS 'new ReentrantLock()' RETURN m.name;"
"Get all methods that call 'lock.lock()' and 'lock.unlock()'.","MATCH (m:Method) WHERE m.code CONTAINS 'lock.lock()' AND m.code CONTAINS 'lock.unlock()' RETURN m.name;"
"List all classes that use 'AtomicInteger' or 'AtomicLong'.","MATCH (c:Class)-[:HAS_FIELD]->(f) WHERE f.type = 'AtomicInteger' OR f.type = 'AtomicLong' RETURN c.name;"
"Find all usages of 'CountDownLatch'.","MATCH (m:Method) WHERE m.code CONTAINS 'new CountDownLatch' RETURN m.name;"
"Show me methods that use 'CyclicBarrier' or 'Semaphore'.","MATCH (m:Method) WHERE m.code CONTAINS 'new CyclicBarrier' OR m.code CONTAINS 'new Semaphore' RETURN m.name;"
"Which methods use 'ThreadLocal' variables?","MATCH (c:Class)-[:HAS_FIELD]->(f:Field {type:'ThreadLocal'}) RETURN c.name;"
"Get all methods using 'java.nio' for file I/O.","MATCH (m:Method) WHERE m.code CONTAINS 'java.nio' RETURN m.name;"
"List all usages of 'Files.readAllBytes'.","MATCH (m:Method)-[:CALLS]->(callee) WHERE callee.signature CONTAINS 'Files.readAllBytes' RETURN m.name;"
"Find all usages of 'ByteBuffer'.","MATCH (m:Method) WHERE m.code CONTAINS 'ByteBuffer.allocate' RETURN m.name;"
"Show me methods that use 'SocketChannel' or 'ServerSocketChannel'.","MATCH (m:Method) WHERE m.code CONTAINS 'SocketChannel.open' OR m.code CONTAINS 'ServerSocketChannel.open' RETURN m.name;"
"Which methods use 'Selectors' for non-blocking I/O?","MATCH (m:Method) WHERE m.code CONTAINS 'Selector.open()' RETURN m.name;"
"Get all methods that perform reflection.","MATCH (m:Method)-[:CALLS]->(callee) WHERE callee.signature CONTAINS 'Class.forName' OR callee.signature CONTAINS '.getMethods()' OR callee.signature CONTAINS '.invoke(' RETURN m.name;"
"List all classes that use 'MethodHandle'.","MATCH (c:Class)-[:HAS_METHOD]->(m) WHERE m.code CONTAINS 'MethodHandle' RETURN DISTINCT c.name;"
"Find all usages of 'Proxy.newProxyInstance'.","MATCH (m:Method)-[:CALLS]->(callee:Method {name:'newProxyInstance'}) RETURN m.name;"
"Show me all 'InvocationHandler' implementations.","MATCH (c:Class)-[:IMPLEMENTS_INTERFACE]->(i:Interface {name:'InvocationHandler'}) RETURN c.name;"
"Which methods access class loaders directly?","MATCH (m:Method)-[:CALLS]->(callee) WHERE callee.name = 'getClassLoader' RETURN m.name;"
"Get all methods that use native code (JNI).","MATCH (m:Method) WHERE m.signature CONTAINS ' native ' RETURN m.signature;"
"List all classes that load a native library.","MATCH (m:Method)-[:CALLS]->(callee) WHERE callee.signature CONTAINS 'System.loadLibrary' RETURN m.name;"
"Find all 'c' or 'cpp' files in the project.","MATCH (f:File) WHERE f.path ENDS WITH '.c' OR f.path ENDS WITH '.cpp' RETURN f.path;"
"Show me the JNI header files (*.h).","MATCH (f:File) WHERE f.path ENDS WITH '.h' AND f.code CONTAINS 'JNIEXPORT' RETURN f.path;"
"Which Java methods are linked to native functions?","MATCH (m:Method) WHERE m.signature CONTAINS ' native ' RETURN m.name;"
"Get all Groovy classes in the project.","MATCH (c:Class) WHERE c.file_path ENDS WITH '.groovy' RETURN c.name;"
"List all usages of Groovy's 'each' closure.","MATCH (m:Method) WHERE m.file_path ENDS WITH '.groovy' AND m.code CONTAINS '.each {' RETURN m.name;"
"Find all 'Spock' test specifications.","MATCH (c:Class) WHERE c.extension = 'spock.lang.Specification' RETURN c.name;"
"Show me the 'when-then' blocks in Spock tests.","MATCH (m:Method) WHERE m.code CONTAINS 'when:' AND m.code CONTAINS 'then:' RETURN m.name;"
"Which classes use 'GroovyShell' to execute scripts?","MATCH (m:Method)-[:CALLS]->(callee) WHERE callee.signature CONTAINS 'new GroovyShell' RETURN m.name;"
"Get all Scala classes in the project.","MATCH (c:Class) WHERE c.file_path ENDS WITH '.scala' RETURN c.name;"
"List all 'case classes' or 'objects'.","MATCH (c:Class) WHERE c.file_path ENDS WITH '.scala' AND (c.signature CONTAINS 'case class' OR c.signature CONTAINS 'object ') RETURN c.name;"
"Find all usages of 'Future' in Scala.","MATCH (m:Method) WHERE m.file_path ENDS WITH '.scala' AND m.code CONTAINS 'Future {' RETURN m.name;"
"Show me all 'Akka' actors.","MATCH (c:Class) WHERE c.file_path ENDS WITH '.scala' AND c.extension = 'Actor' RETURN c.name;"
"Which classes use 'implicit' definitions?","MATCH (c:Class) WHERE c.file_path ENDS WITH '.scala' AND c.code CONTAINS 'implicit' RETURN c.name;"
"Get all 'build.sbt' files.","MATCH (f:File {path: 'build.sbt'}) RETURN f.path;"
"List all library dependencies from 'build.sbt'.","MATCH (f:File {path: 'build.sbt'}) WHERE f.code CONTAINS 'libraryDependencies' RETURN f.code;"
"Find all sbt plugins.","MATCH (f:File {path: 'project/plugins.sbt'}) RETURN f.code;"
"Show me the Scala version used.","MATCH (f:File {path: 'build.sbt'}) WHERE f.code CONTAINS 'scalaVersion' RETURN f.code;"
"Which methods use pattern matching?","MATCH (m:Method) WHERE m.file_path ENDS WITH '.scala' AND m.code CONTAINS ' match {' RETURN m.name;"